category,title
IT과학,3D 프린터로 쥐 인공난소 제작…생식기능 회복 확인
경제,LS네트웍스 윤선노 대표이사 사임
IT과학,분자탄생과정 원자움직임 1천조분의 1초단위로 실시간 관찰했다
세계,中안방보험 기업사냥 주춤해질 듯…매일 사들일 순 없어
세계,탈레반 트럼프의 협상사망 선언에도 대화문 열려 있다
경제,신풍제약 자사주 2천억원어치 매각…장중 주가 24% 급락
경제,전국민 고용보험 소득 따라 보험료 부과…사용자는 이윤 기준
경제,특징주 공인인증서 폐지 가능성에 관련 수혜주 급등
스포츠,프랑스축구대표팀 주장 요리스 방출위기 시소코 우려
세계,14살 내게 왜…이라크여성 IS 성폭행범에 절규 끝 혼절
IT과학,IBS·프랑스 연구팀 유리 입자끼리 임계점에서 뭉치는 케이지 형성 과정 첫 규명
경제,말로만 RD 권장말고 특허비용도 세제 혜택줘야 부산상의
세계,伊 나폴리 버스 산통 시작된 임부 표없다 강제 하차시켜
세계,NBC해설위원 마르티노 내년 2월 미 축구협회 회장선거에...
경제,50년 새 갈치 38%↓ 살오징어 28%↓…중국어선 불법조업 탓
세계,트럼프 12만 중동 파병설 부인…보낸다면 더 많이 보낼 것
세계,英 노팅엄ㆍ그리스 올림피아코스 구단주 승부조작 혐의 기소
경제,그래픽 가계·개인사업자 빛 2천 조 돌파
세계,헝가리 미국에 등 돌리나…오르반 총리 美 손짓에 딴청
IT과학,대학생 창작차 경진대회 대상에 한국기술교육대팀
경제,성도·이현회계법인 합병 타결…BDO성도이현으로 출범
경제,대구은행 상하이지점 위안화 영업 본인가 받아
경제,그래픽 하루 평균 카드 사용액
IT과학,항결핵제 치료 효과 높이는 방법 찾았다
세계,일본서 조세이탄광 희생자 위령재 열려
세계,에이프로젠 미국 FDA 임상3상 허가 신청
세계,혼외딸 의혹 벨기에 前국왕 친자검사용 DNA 샘플 제출
IT과학,ICT로 버섯 길러요…KT 전남 보성에 스마트팜 단지 오픈
IT과학,KT 코그넥스와 5G 기술로 스마트 팩토리 분야 협력
스포츠,왕성 식욕 에버턴 vs 지지부진 맨유…EPL 이적시...
IT과학,삼성증권 유튜브 채널 구독자 10만명 돌파
스포츠,아시안게임 이만수 부회장 라오스 1승하면 상의 탈의 ...
경제,생일 같은 한국테크놀로지그룹 형제 경영권 갈등 없을까
IT과학,로봇 손이 스마트폰 잡을 수 있도록 돕는 인공 피부 개발
경제,가계 코로나에 소비 줄이고 예금·투자에 올인
스포츠,권순찬 감독 정민수 대한민국에 저만한 리베로 없다
IT과학,과학사상가 커즈와일 2029년께 컴퓨터 인간지성 수준에 도달
경제,신용카드가 현금보다 더 낫다…지갑속 현금은 평균 5만3천원
세계,트럼프 국무 내정 틸러슨은 누구…적진도 마다않는 석유거물
스포츠,스콜라리 감독 영입 놓고 한국·이집트 경쟁
스포츠,홍창화 응원단장 1천경기 한화 응원단 위한 행사
세계,케냐 나이로비서 폭탄·총격 테러…외국인 등 15명 사망종합2보
스포츠,김연주 부활 3점포 5개…여자농구 신한은행 7연패 수...
IT과학,KIST 개발 신소재 맥신 잉크 형태로 제작
세계,캐나다 대법원 90대 나치군 통역병 시민권 박탈 확정
세계,레바논 시위서 아기상어 깜짝 등장…시민들 일제히 율동·열창
스포츠,로버츠 감독 시거프리스폴록 복귀 대형 트레이드한 기분
경제,최우수 경영 국내 기업에 삼성전자…2위는 KTG
경제,한국거래소 대현에 현저한 시황변동 조회공시 요구
IT과학,러 우주로켓 벼락 맞고도 멀쩡…탑재 위성 정상궤도 올려
경제,네이버 모바일 컨트롤러 개발 스타트업 와이드벤티지 투자
IT과학,손톱크기에 500TB저장…이론한계치 고집적 반도체 가능성 열었다
스포츠,이승엽·손연재·현주엽…아시안게임 별들의 전쟁
IT과학,우주 탄생 순간 생겼다 사라진 반물질을 아시나요
IT과학,다음 아고라 15년만에 역사 속으로…소임 다 했다
스포츠,11개월 만에 첫 승 OK저축은행 정상일 감독 일희일비 금지
세계,일왕 부부 16일 동일본대지진 피해지역 위로방문
세계,호주서 중국계 고용주에 아시아계 아니라서 부당해고 판정
세계,북중러 접경 中 훈춘 올해 철도교역량 증가세 주춤
스포츠,특급 활약 김강민 SK 우승 DNA 올해 잘 맞물렸다
IT과학,알바몬 라디오 광고 알바 뽑자 온에어
세계,리비아 무장단체 트리폴리행 수도관 차단…수백만명 식수난
스포츠,괴산에서 날아온 편지…송광민 장연초교팬과 만남
경제,자이언트스텝 등 3개사 코스닥 상장예비심사 통과
스포츠,최정 동생 최항 떨지 않더라…대견해
세계,미·이란 긴장 불똥 튄 이라크…또 새우등 터질까
세계,말레이시아 파항주 왕세자 차기 국왕 선출 유력시
세계,캐리 람 홍콩장관 첫 시민과 대화…인근서는 반대 시위
스포츠,리베로 변신 신연경 원래 공격보다 수비 좋아해요
IT과학,8월 과학기술인상에 박호석 성균관대 교수
경제,코스피 장중 하락 전환…1660대 등락
IT과학,마이크로소프트. VR 소셜미디어 알트스페이스 인수
세계,인터넷의 여왕 메리 미커 연내 독자 투자사 설립
IT과학,삼성전자 갤럭시A70 공개…6.7인치 화면에 고용량 배터리
스포츠,포철고 야구부 해체 추진 보류…다음 교장이 판단
IT과학,전화앱 후스콜 아이폰서도 실시간 발신정보 확인
IT과학,촉매·태양전지 재료 포피린 새 합성법 개발
경제,코스피 4.9% 급락해 10년만에 1600선 붕괴종합
경제,국고채 금리 일제히 상승…3년물 연 1.153%
경제,11번가 신한금융투자와 손잡고 증권통장 출시
스포츠,단일팀 기운 이어갈까 여자농구 대표팀 월드컵 결단식
세계,몰도바 연정구성 놓고 정국혼란…친러 도돈 대통령 권한 정지
IT과학,알코올 중독 유전적 연관성 더 확실해졌다
세계,유럽서 새해맞이 폭죽놀이 중 사고로 3명 사망종합
세계,인도파키스탄 카슈미르서 포격전…군인·민간인 사상자 속출
IT과학,캄보디아 자생식물서 미백·주름 개선 효능 발견…특허 3건 출원
IT과학,SNS돋보기 中 세계 최대 전파망원경으로 펄서 발견…우리는 언제
스포츠,안영준 등 KBL 3대3 선발팀 태극마크 향한 담금질 시작
경제,연휴에도 금융사 디도스 공격 시도…금융당국 보안 점검회의
경제,GS리테일 작년 영업이익 2천388억원…전년 대비 32.5%↑
세계,베트남서 미끄럼틀에 낀 채 장시간 방치된 유치원생 사망
세계,일 연구팀 바다 증발 수분 우주확산 첫 확인
IT과학,워즈니악 아이폰 X 출시 첫날 사지 않은 첫 아이폰 될 것
IT과학,미세한 영문법 오류 구글 독스 AI로 자동 교정
경제,그래픽 LG화학 배터리 사업 시작부터 분할 결정까지
경제,공공전세 모든 무주택자 대상…경쟁시 무작위 추첨
스포츠,힐만 감독 실책 아쉬움에 펑고 삼매경…기초에 집중
IT과학,네이버 사전 이용자 참여 번역문 100만 건 돌파
스포츠,WNBA 박지수 시카고전에서 2리바운드
경제,여가부 차관이 포기한 세종 아파트 청약열기 폭발…22세 줍줍
IT과학,카톡방 URL 노출 개인정보 법규 위반 소지 약해종합
스포츠,이재영 높은 블로킹 뚫으면 쾌감도 커지죠
스포츠,tvN에서 축구경기 본다…CJ ENM 아시아축구연맹 중계권 계약
스포츠,아시안게임 3대3농구대표팀 집단 배탈 증세 선수촌 ...
IT과학,현대캐피탈 AI가 알려주는 내차 시세 확인해보세요
IT과학,치매원인 뇌 노폐물 배출경로 찾았다…뇌막 림프관이 배수구
스포츠,김연경의 또 다른 팬서비스…식빵언니 유튜브 방송
경제,기업은행 근로자생활안정자금 대출 대상 200만명 추가
세계,영상 네팔 눈사태 생존교사들 귀국…6m 앞서가던 선두그룹이 당해
IT과학,병원체 독소 공격 무력화하는 세포 방어체계 발견
세계,벨기에 슈거대디와 데이트 광고한 업체 대표에 벌금형
세계,하와이안항공 13년째 미국 항공사 중 정시운항률 1위
스포츠,장애인 인권헌장 낭독하는 신의현 선수와 딸
경제,공공택지 아파트 용지 입찰때 공공전세 많이 지어야 유리
경제,원달러 환율 11원 급등 마감…5거래일만에 1220원대 진입
IT과학,구글 받아쓰기 앱 시험판 출시…한국어도 지원
스포츠,분루 삼키던 하승진 오늘은 다른 눈물…나이 들었나 봐요
IT과학,게시판 서울시립대 박현성 교수 생명약학 학술상 수상
세계,시베리아서 겨울잠 실패한 갈색곰 민가 습격해 1명 숨져
경제,현대차 지속가능성 보고서 발간…친환경차·첨단기술 등 소개
경제,롯데정밀화학 3분기 영업이익 259억원…작년 동기 대비 49.6%↓
IT과학,위험지역 출몰 몬스터 신고하세요…전담창구 운영
경제,전진바이오팜 22억원 규모 전환사채 발행 결정
스포츠,류현진 3실점 콜로라도 타선과 재격돌…에러나도 승부 관건
스포츠,여자축구 최강 현대제철 스포츠토토에 30 완승
스포츠,맨유 내년 1월 펠라이니 베식타스에 팔고 프레도 수혈 고려
경제,내년에 늘리고 싶은 자산은…상장사 경영진 3명 중 2명 주식
IT과학,MWC 스키점프 VR서 1등한 방글라데시 소년 아시나요
스포츠,프로농구 SK 단신 외국인 선수 바셋→쏜튼 교체
경제,게시판 키움증권 미국주식 무거래 고객에게 40달러 지원
스포츠,5년 만에 돌아온 여자농구 김소니아 더티 워크 맡겨만 ...
스포츠,올해는 어렵다던 위성우 감독 엄살…결론은 역시 우리은행
세계,11월 17일은 세계 이른둥이의 날 박스터 빅 퍼플베어 캠페인
경제,시세 90%까지 공시가격 상향…6억 미만 주택 재산세율 0.05%p↓
세계,伊 사르데냐 해변 모래 밀반출 엄금…佛 커플 6년형 위기
경제,코로나발 위기…한은 역대 세 번째 긴급 금통위
스포츠,박항서 베트남 축구대표팀 브라질 출신 피지컬코치 영입
IT과학,가전의 심장 모터·컴프레서…LG 가혹한 품질실험
세계,日도 달 탐사계획 동참…우주정거장·무인보급선 개발 참가
경제,온라인 부동산 허위매물에 과태료 500만원…첫 한 달은 계도종합
경제,허진수 GS칼텍스 부회장 김영란법 발전에 초점 맞춰야
경제,하나금투 대우조선해양 LPG선 시장 도전자로 부상
경제,더치카페 KOTC 거래 시작
세계,中공안 해적판 단속 실적 발표에 영화계 스타 총출동
경제,대우조선 노르웨이 씨탱커스서 LNG운반선 1척 수주
스포츠,FIFA 내부 고발자 블레이저 암투병 중 사망
IT과학,넷마블 마블퓨처파이트 구글플레이 어워즈 후보로
IT과학,과천과학관 My hero 로봇 태권브이 기획전 개최
세계,묘비명 알리…故무하마드 알리 10만명 추모받으며 영면종합
스포츠,MLB 베테랑 조브리스트 이혼 소송 때문에 휴가
IT과학,항생제 생산 유전자 단백질 될 때 버퍼링 걸린다
IT과학,페이스북 가상현실용 360도 비디오카메라 공개
스포츠,KIA 김세현·임창용 불쇼…kt 9회 5득점 뒤집기쇼
스포츠,SK 강지광 첫 1군 등판서 시속 155㎞…1이닝 2실점...
스포츠,코 골절·눈 피멍에도…MLB 셔저 7이닝 10K 무실점 승리
경제,롯데마트 추석 겨냥해 자체브랜드 침향환 출시
스포츠,이지영 넥센·고종욱 SK·김동엽 삼성행…삼각 트레이드 성사
IT과학,루푸스 맞춤치료 가능성 찾았다…글리벡도 효과
경제,사모펀드가 강남 아파트 통째 매입…투기 규제 우회 전략종합
세계,브루스 커밍스가 총정리한 잊힌 전쟁 한국전쟁의 모든 것
IT과학,과학기술위성 3호 임무 기간 못 채우고 고장
경제,가장 비싼 집은 이건희 회장 이태원 저택…177억원
IT과학,KT 소물인터넷 본격화…LTEM 전국망 구축
세계,짐바브웨 20년전 토지 몰수당한 백인 농장주에 보상키로
IT과학,삼성 빅스비 개발자데이 11월 서울서 첫 개최
세계,이스라엘 네타냐후 선거유세중 공습경보에 급히 피신
스포츠,영국 프리미어리그 출신 미드필더 조던 머치 경남FC 입단
IT과학,세아트 드라이빙 시뮬레이터
경제,KTB투자 OCI 도쿠야마말레이시아 인수시 최고 효과
IT과학,암세포 성장 유도하는 특수 유전자 발견…토르로 명명
스포츠,승부조작 이태양 문우람 누명벗을 수 있게 재심해달라...
경제,LG전자 상반기 글로벌 생활가전 1위 등극…美 월풀 제쳐
스포츠,페페 터키 베식타스로 이적…귀네슈 감독과 한솥밥
스포츠,NBA 미네소타 뎅 영입…팀버울브스 아니고 팀버불스
IT과학,유전자 매뉴얼 해석 단백질 돌연변이로 윌름즈종양 유발
경제,로스웰인터내셔널 청약 경쟁 328대 1…청약금 3조원대
IT과학,외신 깃털처럼 가벼운 V30…스마트폰 디자인에 획 그었다
세계,독일서 희대의 보석강탈 6일만에 슈타지박물관에 도둑
IT과학,SKT 오늘부터 순차적으로 2G 종료…011·017 역사 속으로
IT과학,원안위 원자력연 자연증발시설 방사성물질 방출사건 조사결과 발표
IT과학,달링 MIT 연구원 인간처럼 똑똑한 로봇에 대비해야
세계,그리스 휴양지서 佛 관광객 태운 쾌속정어선 충돌…2명 사망
세계,홍콩의 반송법 시위현장에서의 다양한 관점
세계,극우당원에 쉰들러리스트 공짜 표…獨 극장 제안
스포츠,30년 배구해설 오관영 전 위원 별세
경제,사라지는 떠돌이 돈…요구불예금 증가율 8년 만에 최저
IT과학,티맥스후지쯔 업무협약…클라우드 어플라이언스 시장 공략
스포츠,월드컵 자신감 충만 멕시코 마지막 공식훈련도 유...
IT과학,KIST 수소 생산용 구리촉매 개발…귀금속 대체 가능성 확인
경제,상반기 금융지주 순익 7.6조 11%↓…불확실성 대비 충당금 확대
IT과학,삼성 갤럭시S10 보급형 S10 라이트 출시할 듯…라인업 세분화
스포츠,떠나는 구본능 전 KBO총재 외적 성장했으나 산업화 숙제...
IT과학,핏비트 스마트워치 버사 출시…여성건강 모니터링 기능 도입
스포츠,삼성 파워피처 맥과이어 영입…최대 95만 달러
스포츠,판데이크 가장 비싼 수비수 등극…1천억원에 리버풀行
IT과학,우주산업 핵심부품 국산화율 높인다…10년간 2천억원 투입
IT과학,중저가폰 외양 변한다… LG전자도 연내 물방울 노치 탑재
IT과학,전기뱀장어 모방한 부드럽고 투명한 신개념 전지 개발
세계,독일서 조선 문인석 반환식 열려…36년만의 귀환
스포츠,K리그 2017시즌 기록 분석한 테크니컬 리포트 발간
세계,싱가포르 세계 미식가 대회 개막
IT과학,이미지스 터치스크린 압력센싱 장치 특허권 취득
경제,금융시장 경색될라…한은 양적완화 돌입
스포츠,미국 월드컵 MVP 호마리우 당뇨병 투병…15㎏ 빠져
IT과학,UNIST 김경록 연구팀 3진법 반도체 기술 구현
경제,항공 등 기간산업 대책 나온다…20조안팎 회사채 정부보증 검토
IT과학,KT SAT 위성과 5G 연결 성공…재해시 5G 통신 백업 가능
IT과학,삶의 모든 순간 함께…LG디스플레이 CES 특별 전시관 마련
IT과학,해외서 국내번호 사용…비씨앤엠 모바일 iOS 버전 출시
IT과학,해커 먹잇감 된 오픈소스 SW…가상화폐 채굴에 악용
IT과학,배기가스 처리용 고효율 산화철 나노촉매 개발
스포츠,이관희 34점 삼성 광저우에 패배…슈퍼8 농구 준우승
스포츠,일본야구 우에하라 눈물의 은퇴 좀더 하고 싶었지만…종합
세계,오바마 日초중생에 종이학 선물…아베 직접 접은 것이냐
스포츠,아프리카 재벌 단코테 아스널 인수해 벵거 감독 경질할 것
세계,뜨는 별의 낙마…美펜실베이니아 女검찰총장 케인 사임
IT과학,서울서 AI 대가 벤 괴르첼 박사 초청 세미나
IT과학,감마선폭발 관측 우주망원경 발사 성공…한국연구진 주도
세계,日 새 연호 令和 작년에 중국서 이미 상표 등록
경제,거래재개 원유 레버리지 ETN 약세…또 거래정지 될 듯
경제,윤종원 기업은행장 코로나19 피해 중소기업인 간담회
IT과학,평창 5G 시범서비스 준비 끝…KT 시범망 구축 완료
경제,우리은행 통신사 거래정보 활용한 우리 비상금 대출 출시
스포츠,또 진화한 이정후 헛스윙 비율 3.1로 리그 최저
경제,청라국제업무단지 개발 우선협상대상자에 미래에셋대우 컨소
스포츠,옆구리 통증 구자욱 치료차 일본행…이성곤한테 기회
IT과학,게시판 KT 아이폰 수리 앙츠와 AS 통합수리센터 구축 추진
경제,인터뷰 우예종 항만공사 사장 환적화물 늘려 2천만TEU 달성
경제,현대중공업 노조 부분파업…임금협상 속히 마무리해야
세계,크루그먼 트럼프 탄핵하면 경제에 도움 될 것
IT과학,T전화로 AR 영상통화 즐긴다…35가지 꾸밈 기능 제공
스포츠,메시 휴식 바르사 스페인 국왕컵서 무르시아 30 완파
IT과학,KT 미국 출판사 스콜라스틱과 영어교육 콘텐츠 개발
세계,시리아 만비즈 대치상태 지속…30만명 피란길 올라
경제,SK케미칼 사노피에 독감백신기술 1천700억 규모 이전종합2보
경제,신협 중장년층 겨냥한 체크카드 출시…골프·주유소 캐시백
세계,美 게이 인권운동 발상지 뉴욕 스톤월인 국가기념물 지정할듯
스포츠,김한수 삼성 감독 아쉬운 9월…힘이 부족했네요
IT과학,KIST 가습장치 없는 수소연료전지 개발…시스템 소형·경량화
경제,차기 금융결제원장에 김학수 증선위원 유력
IT과학,우주개발전략 기술 확보서 산업체 주도 방식으로 전환
IT과학,디지털미디어 소통역량 강화방안 발표하는 방통위
세계,中 유통기한 지난 육류 쓴 美업체에 40억원 과징금
경제,인천공항 면세점 사업자 입찰 22일 마감…빅3 모두 참여할 듯
IT과학,SKT 설 연휴 이동 애프터서비스 센터 운영
IT과학,삼성전자 갤럭시S10 시리즈 플라밍고 핑크 26일 출시
스포츠,다저스 감독 류현진 오늘밤 강타선을 완벽히 지배했다
세계,미탈레반 18일 이슬라마바드서 평화협상 재개
IT과학,티엘아이 eMMC 사업부 철수…IoT 사업부 물적분할
IT과학,과기정통부 사물인터넷 보안인증 제도개선 연구반 가동
스포츠,웃고 있는 김병욱 선수
스포츠,오타니 무릎 수술로 시즌 아웃…2년 연속 수술대에
세계,中공안 홍콩마카오 연결 강주아오 대교 입구서 대규모 훈련
세계,독일서 트램 운전사 의식잃자 승객들이 운전석문 부수고 세워
IT과학,삼성 갤S7 사용자들 OS 업데이트 후 발열·무한부팅 주장
세계,에스티팜 길리어드에 1천520억원 규모 원료의약품 수출종합
IT과학,스마트폰 속 TV유치원 시대…유튜브 스타가 童心 대통령
경제,원달러 환율 하락 1160원대 초반 등락
IT과학,사이테크 플러스 금속 망간 먹는 박테리아 첫 발견…에너지원으로 활용
스포츠,대한항공 OK저축은행 꺾고 컵대회 우승…MVP 비예나종...
IT과학,황우석 매머드 복제기술 고소전…檢 제주대 연구팀 무혐의
스포츠,프로농구 LG 강병현 코뼈 골절상…인삼공사전 결장
경제,이지스레지던스리츠 5일 코스피 신규 상장
세계,마틴 와튼버그 구글 시니어 스태프 리서치 사이언티스트
IT과학,인공지능·가상현실 체험 선사하는 버스 달린다
스포츠,공격수 양동현 일본 J리그 세레소 오사카로 이적
세계,주러 中대사 중러 정상 외교적 언어 안 쓸 정도…형제간 대화
IT과학,한글과컴퓨터그룹의 한컴 오피스 2018 신제품
세계,10대와 옷벗기 포커·마약 섹스 즐긴 정신 나간 美 시장들
경제,현대글로비스 중국 콜드체인 시장 진출
경제,멈추지 않는 영끌…신용대출 열흘만에 또 1조 늘어
세계,원폭 승인 트루먼 전 대통령의 손자 오바마 해야할 일 했다
스포츠,추신수 초구에 홈런 쾅…리드오프 홈런 공동선두종합
경제,하이골드3ㆍ12호 현대상선 용선료 조정 요청 공문 접수
스포츠,피츠버그 강정호 병살타 포함 4타수 무안타 침묵
세계,미국 패스트푸드 업계는 지금 1달러 전쟁
세계,유엔 에볼라 장기화 민주콩고에 새 책임자 임명
경제,집밥 유행에 쌀도 잘 팔려…신세계百 쌀 판매 확대
스포츠,야수 최대어 렌던도 잭폿…LAA와 7년 2억4천500만달러...
세계,스리랑카 예배당 문 다시 열지만…라마단 앞두고 테러 공포
경제,그래픽 빅히트엔터테인먼트 공모주 청약 마감 결과
세계,베네수엘라 가족 반대에도 고문 타살 의혹 해군대위 시신 매장
세계,인도서 가스통 폭발로 건물 붕괴…10명 사망·30명 부상
경제,게시판 한국투자증권 해외주식 첫 거래 고객 이벤트
경제,은행권 연말까지 매월 신용대출 증가폭 2조원대로 관리
세계,벨기에 오줌싸개동상에 외면당한 팝의 황제 마이클 잭슨
세계,미국 ITC 보톡스 분쟁 7월 예비판결 일부 재검토 결정
경제,최양하 한샘 회장 부인·아들에게 주식 15만주 증여
경제,서울교육청 3차 추경 10조8천억원 확정…2학기부터 고1 무상교육
경제,외국인 귀환에 거래 급증…코스피 3% 올라 1910선 돌파종합
경제,이마트 2분기 영업손실 474억원…적자 확대
IT과학,주변 빛 흡수해 1시간 넘게 빛내는 유기인광 개발
세계,反환경 트럼프 고효율 전구 트집 잡기…얼굴 주황색 돼
스포츠,대학농구 정규리그 최우수선수에 고려대 전현우
세계,獨佛 강화된 우호협정 체결…EU 원심력 막기
세계,와다 하루키 제국주의 모방하는 일본 정책 반시대적
경제,에이프로젠 KIC 에이프로젠제약 주식 500억원에 추가취득
경제,KBS 수신료 인상 계획 본격화 내년으로
경제,그래픽 운전자보험 판매 건수
스포츠,점점 데시벨 높아진 대한민국…신태용호의 화려한 출정식
IT과학,NASA 화성탐사계획 인사이트 2018년으로 2년 연기
세계,日후쿠이서 한일관광진흥협의회…관광교류 활성화 논의
IT과학,게시판 광운학원 오산시·iMBC 등과 AI인재양성 협약
IT과학,마이크로미터 크기 굴곡에도 잘 달라붙는 패치 개발
세계,입국 중국 유학생 학교 버스 탑승 전 발열 체크
스포츠,공 맞은 롯데 전준우 다행히 단순 타박종합
경제,이근 5년 정도 경제 어려운 시기 될듯…외우가 더 안 좋아
스포츠,아시안게임 여자축구 김혜리·장슬기 일본과 4강전 필승
IT과학,네이버·네이버랩스 4개 제품 CES 2019 이노베이션賞 수상
IT과학,LG G6 살까 삼성 갤S8 살까…공통점과 차이점은
경제,게시판 하나금투 엔지니어링공제조합과 금융자문 MOU
경제,이마트 노브랜드 건전지 1천만개 자발적 리콜…누액 등 결함종합
IT과학,日연구팀 갓난아기 향기 재현 성공…기능성 향수 개발 기대
세계,터키 우리는 유럽과 테러리즘 사이 마지막 방벽
세계,영국 BBC 크리스마스의 기적 흥남철수 재조명
세계,이란 외무 이란 종교적 칙령으로 핵무기 개발 금지
스포츠,만장일치 호평받은 헐치 강서브 자신 있다
IT과학,항생제 콜레라균 증식 환경 조성 확인
스포츠,두산 국해성 무릎 십자인대 파열로 시즌 아웃 위기
스포츠,MLB의 고차 방정식 류현진에게 어떻게 점수 뽑나
스포츠,이재영·루시아 쌍포김나희 맹공…흥국생명 GS칼텍스에 첫...
세계,선거 유세 나선 日 입헌민주당 에다노 대표
IT과학,생체모방 인공신경·풀컬러 홀로그램 등 10대 나노기술 선정
스포츠,뇌진탕 겪은 구자철 도르트문트전서 복귀…52분 활약
IT과학,펠르랭 韓·佛 가교 역할 행복…네이버 구글에 도전장
세계,1차대전 무기묘지서 화학무기인 겨자가스탄 오염 흔적 발견
스포츠,펠프스·문태영 55점 합작 삼성 DB 제물로 7연패 탈출
세계,다둥이 아빠 호날두 아빠 된다는 것 형언할 수 없는...
스포츠,코트의 비욘세 김소니아·요정 신지현…이제는 실력으로
스포츠,류현진 단짝 러셀 마틴 NLDS 4차전 선발 제외…베테랑...
세계,아이슬란드 5년간 2천마리 고래잡이 허용…시민단체 반발
IT과학,LG전자 5월 말까지 LG G8 씽큐 중고보상 프로그램
스포츠,모리뉴 맨유 감독 부상 중인 포그바 복귀 아직 불확실
IT과학,서울대 연구팀 빛 제어하는 광학계 개발…레이저 개발 기여
스포츠,일본 언론 마쓰자카 다이스케 친정팀 세이부 복귀
IT과학,삼성·LG전자 콜센터 서비스 품질 우수 기업 선정
경제,5년간 상가임대료 인상 자제하는 건물주에 3천만원 지원
세계,日미쓰비시차 연비조작 차량 소유자에 112만원 보상
세계,안녹산의 난 중국사 전체 궤도에서 결정적 순간
IT과학,과학기술훈장 웅비장에 최인표 생명연 책임연구원
경제,내편 실손보험 손해사정사 금융소비자가 직접 선임한다
경제,우리은행 우리WON뱅킹에서 경매·공매 정보도 제공
스포츠,한화 외국인 투수 농사는 풍작·토종 선발은 아킬레스건
경제,또 불안해진 부동산시장…정부 군포·인천·안산·대전 주시
세계,美 시애틀 업스트림 뮤직 페스트서밋 내달 개막
세계,미 텍사스주 기술사회와 기술사 상호인정 협정 체결
경제,케이옥션 경매에 박수근 노상관상 보는 사람 출품
경제,국제유가 과잉공급 염려에 하락…WTI 0.8%↓
세계,성추행하고 훌러덩 옷벗고 소리 지르고…中관광객 추태 심각
IT과학,KIST 이정훈 박사 외압·충격 후 페로브스카이트 태양전지 성능저하 원인 규명
경제,금감원 부원장에 김근익·최성일·김도인 임명종합
IT과학,네이버 윅스모바일 서비스명 라인 웍스로 변경
스포츠,넥센 이정후 종아리 근섬유 미세손상…15일 일본 출국
IT과학,카카오게임즈 도라에몽 모바일 개발…日라인과 맞손
경제,위지윅스튜디오 인스터 주식 20억원어치 양수
스포츠,파예 웨스트햄 떠나 2년 만에 마르세유 복귀
IT과학,4월 과학기술인상에 성균관대 방창현 교수
IT과학,게시판 우주전파센터 태양053620 관측 체험 프로그램
IT과학,DJI 작고 저렴한 스파크로 드론 저변 넓힌다종합
스포츠,프로농구 DB 윤호영 어린이 환자 수술비 650만원 지원
세계,美민주 차기 상원 원내대표 배넌의 편협성 백악관에 만연할 것
경제,CU 편의점 몽골시장 진출…울란바토르에 6개 매장
경제,유령 주식 사태 삼성증권 한은 외화채권 매매 잠정 중단
경제,제이콘텐트리 제이티비씨콘텐트허브 주식 300억원에 추가취득
경제,한진 작년 영업이익 910억원…116% 증가
세계,르포 佛 G7 정상회담 개막과 동시에 대규모 시위…통제 삼엄
세계,흡연대국 인도네시아 내년부터 담뱃값 평균 35% 인상
스포츠,롯데 손용석 코치 3일 KIA전서 아버지와 시구·시포
세계,터키 에르도안 시리아 국경 넘어 유프라테스 동쪽 진입할 것
IT과학,프로스테믹스 멕시코 업체와 줄기세포배양액 등 공급계약
경제,특징주 경봉 경찰 압수수색 소식에 급락
경제,코스피 상승 출발…장중 1940선 회복종합
경제,멈춰선 공장에…집에서 쉰 제조업 근로자 12만명으로 늘어
IT과학,유발 하라리 무지·공포 아닌 이해에 기반한 AI 규제 필요
스포츠,伊축구협 反유대 논란에 프로축구장서 안네의 일기 낭독
스포츠,NC 사구 후유증 손시헌·부진 김진성 말소
세계,멕시코시티 인근 화산 대규모 분화 조짐…경계경보 격상
경제,교보문고 4천800여개 출판사에 도서대금 75억원 선지급
세계,브라질 상파울루서 빛난 주얼리옥공예 앙상블…명품한류 눈길
스포츠,정금조 사무차장보·남정연 홍보팀장…KBO 조직 개편
세계,日 마음의 상처 치유 심리사 국가자격제로 뽑는다
경제,증시신상품 한국투자증권 해외지수 기초 ELS 모집
세계,1930년대 美전설적 갱단두목 존 딜린저…유골 발굴 예정
경제,레인지서 불타고 습기에 썩고…손상돼 폐기한 돈 2조3천억
경제,중견기업 경기전망 내리막…3년래 가장 부정적
세계,美맨해튼에 혼잡통행료 매긴다…교통 지옥 오명 벗을까
IT과학,9월 과학기술자상에 노용영 동국대 교수
세계,오피오이드 사태 원흉 美제약사 결국 파산보호신청
경제,출퇴근 카풀 허용·택시월급제 국토위 소위 통과종합
IT과학,위클리 스마트 음식사진으로 요리법 확인…스마트폰 카메라 무한진화
세계,日도요타자동차 고객 정보 최대 310만건 유출 가능성
IT과학,강한 지자기교란 발생…우주전파재난 관심 경보
스포츠,장점만 보인 강정호 우투수 상대 연타석포·가벼운 발놀림
IT과학,제다이와 증강현실 광선검 대결…상상이 현실된 IFA 현장
경제,쌍용차 중남미 시장 공략 강화…코란도 신차 출시·마케팅 행사
스포츠,월드컵 네이마르·크로스 무릎 꿇린 멕시코 GK 오초아를...
스포츠,장성우 4타점 맹타쇼…kt SK에 시즌 첫 패배 선사
IT과학,척수에 전기자극…하반신 마비 환자 걸었다
경제,한노총 삼척지부 해외연수비 4천만원 반납…코로나 극복 동참
경제,기업은행 80세이상 고객에게 고위험 파생상품 판매 안한다
경제,코로나19 직격탄 맞은 삼성폰…영업익 1조원대로 떨어져
세계,폴란드 마을 배신자 유다 화형식 반유대주의 논란
경제,가희 19억원 규모 전환사채 발행 결정
스포츠,AG 여자축구대표팀 최예슬 부상으로 이은미 선발
경제,공매도 재개 시 외국인 순매수 유입 기대…단기 변동성은 확대
경제,은행들의 탐욕…79세 치매노인도 졸지에 공격투자형
세계,伊피렌체 우피치미술관 바사리 회랑 내후년 재개방
스포츠,네이마르 데뷔전 앞두고 남프랑스 해변에서 호화요트 망중한
세계,美페덱스 조종사 탄환 불법운반 혐의 中서 한때 억류
IT과학,재난 현장에 드론·보디캠 뜬다…SKT 강원소방과 맞손종합
경제,그래픽 5대 시중은행 신용대출 현황
세계,美전문가 암호화메신저 왓츠앱도 뚫린다…암호키 재생성 가능
IT과학,LG전자·LG디스플레이 환경부와 포장재 재사용 시범사업
스포츠,아스널맨시티 서포터스 FA컵 끝나고 난투극
IT과학,윤석진 KIST 신임원장 코로나19 위기 과학기술로 극복
스포츠,새 감독 맞이하는 SK 힐만과 함께 마지막 축배 준비
경제,그래픽 서울 아파트 전셋값 상승률
세계,中관료주의 해결 못할 난제…지도부 타파 외치나 되레 심화
IT과학,네이버뮤직 바이브로 통합…기존 서비스 내년 종료
세계,발우공양과 만난 슬로푸드 발상지 이탈리아 토리노
IT과학,내부까지 청결하게…삼성 패널 분리되는 무풍에어컨 출시
세계,96세 英 스쿠버 다이버 다이빙 최고령 기록 비공식 경신
세계,중동 첫 고속철 사우디 하라마인 철도 제다 역사에 큰불
IT과학,석유에서 페트병 소재만 꺼내는 분리막 개발
스포츠,NBA 댈러스 부세크 코치 선임…여성 코치 기용한 세 번...
IT과학,차나무 유전체 해독…오묘한 차 맛 만큼이나 유전자 복잡
세계,이탈리아 학교 백신 미접종자 등교 금지
경제,서울 아파트 전셋값 46개월 연속 상승…2년 남짓에 1억↑
세계,이라크 드론 IS와 싸우던 친정부군 9명 실수로 사살
경제,외화표시 채권 발행 회복세…국책은행이 견인
스포츠,올림픽 머리 정돈
스포츠,감독이 신뢰한 날 무너진 박정배…SK 마무리 플랜 B ...
세계,나토 스톨텐베르크 사무총장 재신임…2022년 9월까지 임기 연장
스포츠,프로농구 문경은 감독 현준형이 하늘에서 대견하다 하셨겠죠
스포츠,펠리페 스파이크황두연 서브 KB손보 뒤늦은 10승
IT과학,해양에너지 광주서부교육청 관내 초·중에 도시가스 공급
경제,대동기어 작년 흑자전환…주당 250원 배당
세계,작년 집속탄 사상자 149명…전년보다 51% 감소
세계,美펜스 외교결례 불구 北김영남 접촉 피해…북미대화 선긋기
스포츠,프로농구 개막…첫 득점 LG 박인태 첫 3점은 SK 김선형
스포츠,19승 투수 세베리노 양키스와 4년 장기계약
스포츠,프로야구 선두 SK 피타고리안 기대 승률도 1위
스포츠,퇴장 세징야 오심 판명 나 2경기 출장정지 징계 취소
스포츠,쿠르드 침공 터키 축구대표팀 유로 예선서 군대식 경례 논란
세계,독일 특수부대원 나치 경례했다가 군복 못 입게 돼
경제,SK이노베이션에 루브리컨츠 지분 매각설 조회공시 요구
세계,전美부통령 후보 세라 페일린 남편 이혼 소송 제기
경제,코스피 외인·기관 매수에 상승…1940선 돌파종합
경제,할리스커피 매각 무산…2∼3년내 다시 추진
스포츠,포항제철고 야구부 해체 추진에 학부모 반발…학생 버리나
세계,미술소식 중국 갤러리 베이징코뮨서 한국 작가전
세계,아프간 나토군 사령관 교체…적들은 아프간 국민에 고통만 줘
경제,원달러 환율 급락해 1200원선 아래로…경기부양 기대감
경제,신영에셋 대표이사에 김일권 신영 전무 선임
스포츠,MLB 피츠버그 내년에도 허들 감독체제 확답받았다
경제,집세 바로미터 자가주거비 13년 만에 하락
세계,미중갈등에도 경제회복 기대감…원달러 환율 하락 출발
경제,팩트체크 우리나라 상속세율이 65%…명목세율 최대 50%
경제,필리핀관광청·탐앤탐스 보홀 여행권 증정 이벤트
IT과학,카톡방서 주고받은 사진·메모 서랍에서 모아본다
세계,러 해킹그룹 테베스 등 축구선수 치료약물 사용기록 폭로
경제,산은·수은 경영위기 두산중공업에 1조원 대출 지원종합
경제,게시판 하나은행 금융상품 가입시 경품 제공 이벤트 진행
스포츠,파죽지세 DB vs 18년 기다린 SK…전문가들도 백중세...
스포츠,신태용 이승우 악착같고 센스 있었다…원하는 플레이 해줬다
IT과학,글로벌X 클라우드 컴퓨팅 ETF 순자산 1조원 돌파
경제,외환거래법 위반 막는다 은행연합회 고객안내서 배부
IT과학,뉴 C4 칵투스 2019년형 출시…새 변속기·엔진 탑재
스포츠,올림픽 입실 대기하는 북측 단원들
IT과학,구매력 없지만 존중…이통사 어린이 마케팅 변화
세계,정정불안 코모로서 총격 사상자 발생…美 정부요원 철수명령
스포츠,류현진 또 마의 6회…괴물 피칭 펼치다가 피홈런
스포츠,벼랑 끝에 몰린 삼성화재 박철우·박상하까지 부상이탈
스포츠,올림픽 답변하는 신소정
세계,베네수엘라 의회 사면법 의결…마두로 대통령 거부권 행사
IT과학,항생제 네오마이신 바이러스 예방 효과…쥐 실험서 확인
스포츠,KCC 반격 이끈 에밋 1차전 아쉬움 씻은 건 단장님 조...
스포츠,호물로 1골 1도움 부산 이랜드에 20 완승…3위 껑충
경제,코리안리 작년 영업익 1천441억원…18% 감소
IT과학,암세포 죽이면서 부작용 없앤 스마트 광감작제 개발
세계,카자흐 카샤간 유전 현대화…1일 생산량 45만 배럴로 늘듯
세계,러시아어 봇 트위터 친親정부 성향 일색
스포츠,최채흥 데뷔 첫 승리…삼성 NC 잡고 4연승
경제,전세형 매입임대주택 입주자 첫 모집…서울 174가구
세계,인도 마루티스즈키 승용차 7만여대 리콜…에어백 등 결함
IT과학,공학한림원 대상에 김윤근 일진전기 기술고문
세계,강서경 스위스 아트바젤서 발루아즈상 수상
스포츠,이원재 희생플라이 결승타…NC 천신만고 끝에 6연패 탈출
경제,운용사 후선 업무 지원하는 자산운용센터 28일 출범
스포츠,토트넘 수비수 산체스·골키퍼 가자니가 동시 영입
경제,경총 중대재해기업 처벌법은 경영활동 위축
IT과학,김빛내리·현택환·오용근 단장팀 연구 세계적 수준
스포츠,필라델피아 외야수 에레라 여자친구 폭행 혐의로 일시 출전정지
IT과학,정부 2025년까지 데이터 시장 43조원·일자리 90만개 창출
IT과학,1급 발암물질 아플라톡신 안 생기는 옥수수 나와
세계,독일 하원의장 터키 대통령 비판 의원면책 폐지 독재적
세계,美 화웨이 퇴출 적신호 英 이어 뉴질랜드도 이상기류
스포츠,U20월드컵 클린스만 진정한 우승후보 없어…그래서 재...
세계,미 금융당국 자국 금융사 해외 스와프거래 감독 사실상 포기
스포츠,타티스 악몽 MLB 메릴 켈리 샌디에이고전 5이닝 4실점
경제,게시판 NH투자 27일 부동산 투자전략 유튜브 세미나
IT과학,자폐스펙트럼장애 예측법 개발…24개월 이하도 가능
IT과학,동정 KISDI 남상열 박사 APEC TEL 부의장 피선
경제,삼영화학 종속회사 삼영중공업 10분의 1 감자 결정
IT과학,세기의 대국 안정된 경기서 알파고 주특기 발휘했다
스포츠,연세대에서 상명대 편입 김한솔 농구에 대한 열정 후회 없다
스포츠,KB손보우리카드 3대3 트레이드…하현용↔김정환 등
경제,국제유가 코로나발 수요위축 공포 속 폭락…WTI 5.5%↓
세계,스위스 연방법원 플라티니 자격정지 4년은 정당
경제,신년사 노석환 관세청장 수출·안정적 세수 뒷받침
스포츠,75분 뛴 손흥민 결승골에 기여…토트넘 본머스 10 제...
세계,1명당 3천만원…그리스서 신생아 불법 입양 사설클리닉 적발
세계,보라카이·세부·팔라완 세계 최고 섬 선정
경제,그래픽 아파트 전셋값 상승률
경제,신한금투 SK바이오팜 상장 후 코스피200·MSCI 조기편입 가능
IT과학,학습관리·VR설명까지…서울교육청 원격수업 플랫폼 개발
스포츠,KBO 심판들 안우진 슬라이더 조용준 보는 듯
IT과학,산업시설 미세먼지 절반으로 줄이는 집진기 기술 개발
경제,금징어 연말에도 41% 폭등…9개월째 고공행진
스포츠,메이슨 헤딩 경합 중 케이힐과 부딪혀 머리 부상
경제,현대건설 작년 영업이익 8천821억원…전년 대비 5% 증가
IT과학,사이테크 플러스 허블망원경 20년새 쪼그라들고 어두워진 가오리성운 포착
IT과학,출연연 우수 연구성과에 블랙홀 관측·치매 약물 후보 개발
세계,佛 수탉 소음공해 소송 승소…꼬끼오 울 권리 있어
세계,1만여명 동맹휴학·21개 업종 총파업…홍콩 송환법 반대 격화종합
세계,알레만노 전 로마 시장 부패 혐의로 징역 6년형
IT과학,첫 과학기술유공자 후보에 이휘소·우장춘 등 32명
IT과학,시청 각도 마음대로…삼성전자 자유시점 영상 전송 성공
세계,영국의 게임 방송인 다니엘 미들턴
경제,세아제강 김석일 대표이사 신규 선임
세계,G7정상 보수성지 日이세신궁 방문…정교분리 위반 논란
IT과학,항응고제 성분 코로나19에 효과…세포실험서 확인
IT과학,가로주택정비사업 사업성 분석 AI 도움받아 LH 홈피서 하세요
스포츠,레알 마드리드 말라가에 21 승리… 라모스 연속골
IT과학,한중 연구진 한약재 지황 암세포사멸 유도 확인
세계,무솔리니 증손자 극우정당 소속으로 이탈리아 정계 진출
IT과학,소니 게임기 PS4 누적 판매 5천340만대…MS·닌텐도 압도
스포츠,사회 초년생 이승엽 이제 홈런 치지 않아도 행복해요
IT과학,미래부 기술사업화 위한 수요발굴지원단 발대식
경제,라임펀드 판매사 4곳 원금 전액 반환 권고 수용하기로종합2보
세계,속보 정부 12일부터 홍콩·마카오도 오염지역 지정…검역 강화
경제,엘지이노텍 2분기 영업익 134억원…59% 감소
세계,로스먼 중국경제 최대위협은 무역전쟁 아니라 실용주의 상실
경제,작년 최고 실적 낸 증권사들 배당금도 역대 최대
스포츠,상복 터진 호날두 트로피 놓을 공간은 충분
스포츠,50ｍ 폭풍골의 추억…신태용·이승우 전주성 승리 재현할까
IT과학,미래부창의재단 과학올림피아드 대표단 발대식 개최
스포츠,정운찬·김응용 회동…프로·아마 5명씩 추천해 미래협의회 구성
IT과학,강력 천연접착제 홍합 접착단백질 작동원리 풀었다
경제,㈜두산 3분기 영업이익 2천174억원…작년보다 20%↑
스포츠,아르헨 인디펜디엔테 남미축구 코파 수다메리카나 우승
IT과학,갤노트7 발화원인 오늘 공개…안전성 우려 불식할까
IT과학,달로 향한 최초 비글 스누피와 함께한 현대미술 여행
경제,항공업 타격에 카드사 전전긍긍…못받는 항공권 취소대금 ↑
IT과학,항암제 소라페닙 효과 높이는 병행요법 개발
경제,특징주 솔고바이오 작년 적자확대에 급락
스포츠,수아레스·메시 득점 앞세운 바르사 비야레알 제압…선두 질주
세계,이란 美와 정상회담에 강경…프렌치 커넥션 빛바래나종합2보
스포츠,올해 발롱도르도 호날두…7일 에펠탑 시상식 관심
스포츠,후보는 4명…선동열호 AG 아마추어 선수 명맥이을까
스포츠,부진 탈출 롯데 노경은 박세웅과 경쟁 기대한다
스포츠,SK 로맥 더그아웃 계단 내려가다 발목 삐끗…교체
세계,靑 中 사드 본말전도 주장…野 방중 재검토 강력촉구종합
세계,트럼프 유대인이 민주당에 투표한다면 엄청난 불충
세계,호주 성형수술전 미성년 3개월·성인 7일 숙려기간 의무화
세계,차도 방도 모자란 쿠바…개방 수요 뒤쫓기 열심
세계,이란대통령 美 제재 풀어야 佛 중재 유익할 것
세계,생활고·부패에 성난 중동 민심…이집트·이라크 이어 레바논
세계,주터키 美대사 터키에 패트리엇 미사일 구매 제안
스포츠,평창 패럴림픽 빛낼 하프와 플루트의 하모니
스포츠,두 번째 3할 타율 정조준 오재원 웨이트에 신경 써
세계,속보 아사히 日참의원 선거서 개헌세력 개헌발의선 확보 안돼
경제,ELS발 유동성 압박 증권사들 당국 지원으로 한숨 돌릴까
경제,오늘의 투자전략 보수적 포트폴리오 비중 확대 필요
스포츠,유희관 내 친화력으로 린드블럼·후랭코프 적응 도울 것
세계,프랑스 강경 이민정책 선회…통제권 되찾을 것
스포츠,DB로 돌아온 베테랑 슈터 이광재 에이스보다 고참 역할
IT과학,파일 몸값이 10분의 1 박리다매형 랜섬웨어 활개
스포츠,이재영 여자 정지석 지석 오빠 진짜 잘하시던데요
IT과학,다른 내가 사는 평행우주가 있다고…난공불락의 물리학
세계,글로벌車 지형 지각변동 예고…피아트르노 곧 제휴안 공개
IT과학,KT스카이라이프 무비초이스 25개 채널로 확대
IT과학,보안기술 경연대회 K사이버 시큐리티 챌린지 참가신청 접수
경제,창원시엘프시스템 투자유치 협약
IT과학,말초신경 손상 유전병 환자의 뇌신경망 지도 구축
스포츠,팀 타율 1할대 롯데 채태인 빼고 김문호 선발 출전
스포츠,최홍석 갑상선암 수술받고 복귀…KOVO컵에 투입될 듯
경제,채무조정 막힌 서민 주택대출 차주 집팔아 상환 뒤 그대로 산다
스포츠,K리그2 28라운드 MVP 아산 박주원
IT과학,농업도 4차 산업혁명 ④ 농촌에 미래를 건다 스마트 파머들
세계,르포 과거 금지곡 합창한 대만 새 총통…대만 원주민시대 왔다
스포츠,OB축구회 새 회장에 최길수 전 축구협회 심판위원장
IT과학,후불형 모바일티머니 가입자 100만명 돌파
IT과학,그래픽 줄기세포 이식 파킨슨병에 효과 연구 모식도
IT과학,SKT 온라인 주문 갤S8 매장서 바로픽업하세요
세계,톈안먼 주역 왕단 홍콩 학생들에 역사를 바로 배워라
세계,브렉시트 투표 피말리는 개표에 환호·탄식…뜬눈으로 지새운 영국
IT과학,흰 피부 갈색 머리 만드는 유전자 발견
스포츠,아시안게임 매너·세리머니…연이은 논란 겪은 황희찬 욕...
스포츠,北 축구 한광성 이탈리아 칼리아리 칼초 정식 입단
IT과학,인공지능은 고깃국 양념일 뿐…SW산업 탄탄해야 의미있어
세계,중계권 부패혐의 켈라이피 PSG 회장 25일 스위스법원 출석
스포츠,불굴의 샤페코엔시…항공기 참사 딛고 남미 클럽대항전 진출
스포츠,기업은행 FA 영입 표승주·보상 선수 김주향 시너지 기대
경제,KT·젬알토 블록체인 기반 커넥티드카 사업 추진
경제,코스피 1.5% 하락 출발…장중 2040대 후퇴종합
스포츠,여자프로농구 11월 3일 스타트…우리은행신한은행 개막전
IT과학,SKT 스마트그리드·KT 정보보안…통신사들 脫통신
경제,지난달 부동산 경매 건수 역대 최저…낙찰가율도 하락
경제,파워넷 7일 코스닥시장에 신규 상장
경제,작년 서울 민영주택 당첨자 40대30대50대 순
경제,정부 기업들 1천억달러 해외 대형프로젝트들 수주 지원 추진
IT과학,해양 고세균 감염시키는 바이러스 발견…기후변화 예측에 도움
경제,LH 아파트 용지 없어서 못판다…지난해 3조7천억원어치 매각종합
경제,해태 만두시장 1위 탈환할까…최대중량 왕교자 출시
스포츠,프로축구 부산 새 대표에 안기헌 전 대한축구협회 전무
스포츠,류현진이 지쳤다 의심의 눈초리 보내는 현지 매체들
경제,이건희 삼성전자 작년 배당금 3천538억원…10년간 1조4천억원
IT과학,KT스카이라이프 TV앱에서 아프리카TV·네이버 V LIVE 보세요
세계,IS 성노예에서 탈출한 야지디족 여성 유엔 친선대사 됐다
스포츠,LG 방출→호주야구 응시생 장진용 야구 끈 놓지 않아
스포츠,넥센 전지훈련 마치고 6일 귀국…캠프 MVP는 신재영·김지수
스포츠,석현준 풀타임 출전…소속팀 트루아는 갱강에 01 패배
경제,전세 실종에 계속 오르는 서울 전셋값…수도권도 전세난 심화
스포츠,맨유 루카쿠 뒷발차기로 3경기 출전금지 위기
경제,코스피 5.9% 급등…7일만에 1700선 회복종합
IT과학,유명 해킹방어 대회 데프콘서 한국팀 3위
IT과학,네이버 특정인만 골라 보는 오토하이라이트 기술 도입
스포츠,신태용호 침몰시킨 비슈차 한국 수비에 문제 있었다종합
세계,프랑스 새 EU 집행위원 후보로 브르통 전 경제장관 지명
세계,日 시나이반도 다국적군에 자위대 파견 검토…내달 현지 조사
스포츠,한국 여자배구에 태국 경계령…김연경 꺼리는 팀
경제,썬텍 포스코와 총 139억원 규모 공급계약
세계,말레이 美 대사 초치해 사바주 납치위험 지역 분류에 항의
IT과학,국제연구팀 혹성계 형성과정 관측 첫 성공
세계,집을 잘못 골랐다…침입자 때려눕힌 82세 보디빌더 美할머니
세계,회색빛 도시에서 유럽의 핫스팟이 된 베를린의 매력
스포츠,축구부 없는 학교 다녀도 축구선수 꿈 키울수 있다
스포츠,전차군단 독일 컨페드컵서 호주에 32 신승…고레츠카 결승골
세계,美언론 첫 공개청문회 우크라이나 의혹에 힘 실어
세계,스위스 의회 이민제한법 완화…英 브렉시트 협상서 고심
경제,카드 수수료 0%대로 인하 추진…정부예산 넣고 연회비 인상
IT과학,내년 발사 시험용 달 궤도선 탑재체로 섀도우캠 선정
경제,1보 코스피 이틀째 상승 마감…2160선 회복
IT과학,LG G7 씽큐 2배 밝은 슈퍼 브라이트 디스플레이 탑재
세계,이탈리아 남부의 대형 판자촌 철거…이주민 1천여명 쫓겨나
IT과학,플라스틱 공해 해법 될까…벌집나방 애벌레 분해능력 탁월
경제,국민 절반이 코로나 이후 실직 또는 임금 줄었다…취약층 소득↓
IT과학,빅텍 방위사업청에 60억원 규모 전자전장비 공급
경제,합병·분할 추진기업 8월부터 등록면허세 50% 감면
IT과학,정사각형 2개로 나뉘는 LG G6 화면…쓰임새 많아졌다
IT과학,종편의 역습…채널사용료 제로섬 게임 본격화하나
경제,특징주 오스템임플란트 2분기 어닝 쇼크에 약세
스포츠,UAE 알아인 남미 챔피언 리버플레이트 꺾고 클럽월드컵 결승행
경제,3기 신도시 종합정보포털 신설…청약정보 등 제공
스포츠,서재응 코치 캠프 합류하지 못한 투수들도 힘낼 겁니다
경제,신한금융투자 해외주식 상품권 카톡 선물하기 입점
IT과학,광어 껍질서 콜라겐 뽑는다… 초음파 활용 신기술 개발
스포츠,플라멩구 대표 루에다 감독 칠레축구대표팀 안가고 잔류한다
IT과학,SK스토아 데이터 기반의 VOD 광고상품 출시
세계,좌파 텃밭 스페인 안달루시아서 극우정당 지방정부와 연대
스포츠,두산 상대 11전 11패 LG에서 삼미의 향기가 난다
세계,내우외환 트럼프 올여름도 본인 소유 골프클럽서 열흘 휴가
IT과학,LGU 효율적인 셀 설계로 5G 균등속도 보장…커버리지도 확대
세계,메이어 전 야후 CEO 개인정보 유출 사과…러시아 소행
IT과학,퀄컴 모바일용 5G 모뎀 칩세트 이용한 데이터 통신 성공
경제,1일 5만원 가족돌봄휴가비 추가 지원 28일부터 신청 접수
스포츠,프로농구연맹 어시스터 모집
세계,총선 시즌 인도 극우 힌두주의 기승…사람 잡는 소 숭배
경제,브이아이운용 H2O펀드 환매중단 선관의무 다하려는 조치
IT과학,포스코건설·현대정밀화학 미세먼지 저감 신기술 개발 협약
IT과학,인천공항 주차장 헤맬 일 없어지나…주차로봇 추진
IT과학,삼성전자 손금으로 스마트폰 암호 찾는 기능 특허 출원
스포츠,피펜 조던과 제임스는 비교하기 어려워…플레이 스타일 다르다
스포츠,하주석 연봉 1억2천만원…한화 재계약 대상자와 계약 완료
경제,국고채 금리 일제히 하락…3년물 연 0.861%
세계,英유통업체 테스코 아시아서 완전 철수 검토
세계,미 동부 마비시킨 악성 파일 미라이 국내서도 발견
IT과학,차량공유도 스마트하게 SKT 쏘카에 IoT전용망 적용
경제,김환기 전면점화 경매 출품…작년 85억 낙찰작과 같은 붉은점화
IT과학,항생제 무력화 효소 분석 성공…내성균 해결 실마리 찾았다
세계,폭설 내린 안나푸르나
세계,폭스뉴스 여성 진행자 길포일 백악관 언론비서관 물망
세계,中 엘니뇨 여파로 올해 양쯔강 대홍수 경보
세계,힐러리 트럼프 자체가 사기꾼…트럼프대학 때처럼 사기치려해종합
세계,관계개선 물꼬트나…뉴질랜드 총리 당일치기 中 방문 발표
IT과학,도로공사 KT에 평창올림픽 지역 광통신망 지원
세계,외칠 터키 페네르바흐체와 이적 논의 중
세계,이란 美 무인기 항적자료 공개…영공 침범 4분 만에 격추
경제,KB손보·서울대금융연 건강·보험·금융 공동연구
경제,상반기 DLS 발행금액 10.5조원…1년 새 30% 감소
세계,이탈리아 돌로미티서 눈사태로 또 1명 사망…하루새 4명 숨져
IT과학,서울대 이경무 교수팀 3D 핸드 포즈 추정 챌린지 우승
IT과학,올려만 놓으면 계산돼요…한화테크윈 자동계산대 출시
세계,제프리 삭스 미·중 IT 군비경쟁 처참한 결과 부를 수도
IT과학,애플 아이폰과 테슬라 전기차가 성공한 이유…토이리즘
IT과학,스스로 생각하는 로봇…인공지능 액션브레인 개발
세계,브라질 호비뉴 이탈리아서 성폭행 혐의로 9년형 선고
IT과학,카카오 개발자회의 이프 카카오 2019 개최
경제,내년 상반기 채권 등 최종호가수익률 보고회사 확정
세계,이스라엘 대통령 의회에 총리 후보 지명권 넘겨
세계,웨스트햄 몬테네그로 18살 축구대표 학사바노비치 수혈
경제,유진투자 삼성전기 MLCC 호황으로 최대실적 예상
IT과학,22일 태양지구화성 거의 일렬로 늘어선다
IT과학,인간돼지 잡종배아 처음 만들어…장기 생산 장기목표 첫걸음
경제,개미들 빚 투자 한계 도달했나…신용 잔고 급감
IT과학,KT 해외 로밍용 LTE 에그 등 신제품 3종 출시
스포츠,리틀 기성용 김정민 잘츠부르크 이적…황희찬과 한솥밥
세계,사우디 가족 증명 안해도 외국인 남녀 호텔 혼숙 허용
스포츠,레오가말류 멀티골 포항 대구와 개막전서 30 승리
경제,대만 TSMC·글로벌파운드리 특허분쟁 일단락…특허공유 합의
IT과학,수백 미터 고층빌딩 꼭대기가 땅보다 시간이 빨리 간다
스포츠,류중일 LG 감독의 불펜 고민…최동환 최성훈을 향하는 시선
세계,프랑스 파리 북역 유리로 치장 리노베이션 계획 논란
스포츠,MLB 명장 바비 콕스 뇌졸중으로 입원
경제,스마트시티형 규제샌드박스 활성화 사업 공모
스포츠,신영철 감독 솔직 발언…박진우 FA 되면 우린 어떡해
경제,한경연 올해 경제성장률 1.4%…내년은 코로나 이전 수준 2.7%
경제,특징주 실적 발표 네이버 올해 성장 전망에 강세
IT과학,노화연구 최적 동물 모델은 물고기 터콰이즈 킬리피쉬
스포츠,루니의 씁쓸한 올드 트래퍼드 복귀…루카쿠에 완패
경제,케이뱅크 영업 정상화 시동…내달 새 입출금통장 개시
스포츠,NBA 러브의 용기있는 고백…경기 중 공황발작 찾아왔다
세계,日편의점체인 세븐일레븐 대표 24시간 영업 고집하다 경질
IT과학,근적외선 레이저 비추기만 해도 형상 자동 복원되는 소재 개발
세계,中매체 미군 기지 무단침입 中외교관 추방에 모함 주장
세계,이탈리아 로마 시내에 쓰레기 쌓이는 이유는…근무 태만
스포츠,리버풀 구단 최고 581억원에 체임벌린 영입
세계,중국사회과학원 中 내년 경제성장률 6% 예상
스포츠,힐만 감독 내 고향 텍사스는 47도…여긴 따뜻하네요
스포츠,진인사대천명…2020년 1월을 기다리는 한국 남자배구
IT과학,혈액 만드는 조혈줄기세포 제작법 개발
경제,내일부터 P2P 금융업법 시행…엄격히 심사
경제,내년 최저임금 인상으로 임금 올려야 될 노동자 최대 408만명
IT과학,LG전자 먼지흡입물걸레질 무선 청소기 출시
경제,금융위 24일까지 온라인 코리아 핀테크 위크 참여 기업 모집
세계,극심한 연료난 겪는 쿠바…정부는 마차 이용 장려까지
스포츠,전국체전 경남고 서준원·노시환 프로에서 승부할 날 오겠죠
스포츠,프로농구 kt에서 뛴 내쉬 NBA 최고 승률 휴스턴 입단할 듯
세계,눈에는 눈…이란의 키사스 식 대 서방 대응
세계,한진해운발 글로벌 후폭풍…中 배 억류·멕시코 韓공장 가동차질
IT과학,VR로 대비하는 면접
스포츠,프로농구 4강 윤호영양희종 김선형전태풍 너만은 이기리라
스포츠,슈틸리케는 베일·기성용은 메시…또 엇갈린 투표
IT과학,SKT 5G 영상통화 콜라 2.0 출시…4배 선명한 QHD 화질
스포츠,KIA 4연승인데…이대진 투수코치·마무리 임창용 1군 말소
스포츠,KIA 양현종 시즌 최다 피안타 악전고투 끝에 시즌 4승...
세계,프란치스코 교황이 반지 입맞춤에 손 뺀 것은 위생 때문
스포츠,MLB 도쿄 개막전에 사사키조지마 배터리 시구
스포츠,LG 가르시아 85일 만의 복귀 타석에서 좌전 안타종합
세계,입시부담 작은 호주 중고생…교사 지망자 성적도 바닥권
스포츠,미국 야구대표팀 조 지라디 감독 사임…MLB 팀 맡을 듯
세계,터키 美 철군 후 대안은 우리…IS격퇴국제동맹군 참여국 설득
IT과학,거짓·허구를 통해 열어가는 새로운 우주…새드엔딩에 안녕을
IT과학,식물 생명공학 기술은 식물 육종의 연장
경제,보안업체 시큐아이 11일부터 장외주식시장 거래
스포츠,샘 발독 프리미어리그 승격 브라이튼과 3년 계약
세계,트럼프김정은 DMZ 회동으로 비핵화 목표 멀어져 애틀랜틱
스포츠,쩐의 전쟁 레알유벤투스 2천억짜리 단판승부 펼친다
스포츠,강원FC 호주 국가대표 수비수 맥고완 영입
세계,97세 노벨상 수상자 정년퇴직제 탓 33년 전 쫓겨나듯 英 떠나
세계,프랑스 노딜 브렉시트 기정사실화…英의 재협상 요구 거부
세계,미 해병대 사령관 국경 보안으로 훈련 중단 등 전투태세 차질
경제,2보 주가 폭락개장에 사이드카·서킷브레이커 발동
스포츠,아시안게임 승우·의조 골골골…한국 박항서 매직 ...
세계,예멘 정부 남부 아덴 주요시설서 분리주의세력 철수
스포츠,신태용 감독은 아시아의 모리뉴…월드컵 성공은 물음표
IT과학,기상청·KAIST 기상 분야 인공지능 공동 개발 업무협약
경제,추가 부동산대책 앞둔 시장에 긴장감…이번엔 통할까
IT과학,LGU 사물인터넷 상용플랫폼 상호호환성 검증
IT과학,국민은행 금융 특화 AI 모델 KB 알버트 개발
IT과학,진화론은 과학적 이론 창조론은 편협한 종교적 믿음
스포츠,그 아버지에 그 아들 조지 웨아 아들 티모시 생제르맹 입단
스포츠,홍명보 스승 남대식 전 남북 청소년축구 대표팀 코치 별세
IT과학,인공 게놈 합성…프랑켄슈타인 개발 전주곡 우려
IT과학,LG유플러스 10배 빠른 패킷 교환기 구축…5G에 필수
세계,대화재 노트르담 대성당 인근 아동 허용치 초과 납 검출
IT과학,다용도 소재 탄소 양자점 대량 생산 기술 개발
스포츠,홈런레이스 우승 이대호 상금은 종덕이와 동료에게종합
스포츠,브리검 3이닝 6실점…넥센 대만팀과 연습경기 영패
스포츠,프로농구 인삼공사 강병현↔LG 기승호 맞트레이드
세계,내달 튀니지 대선에 샤히드 총리 등 98명 출사표
세계,英 노딜 브렉시트 대비 물총새 작전…기업에 긴급자금 투입
세계,이슈 컷 美 야구 최초 여성으로만 구성된 중계진 등장
세계,인니 선거부정에 발칵…말레이서 기표 된 투표용지 무더기 발견
IT과학,구글 네이버·카카오도 구글 아니면 글로벌 진출 어려웠을 것
IT과학,NOX4 유전자 결핍이 비만·당뇨환자 치매 유발
경제,DLF 등 구조화상품 투자자 절반 판매직원 권유로 가입
IT과학,블랙베리 키투 국내 출시…한글자판·고음질통화 등 현지화
스포츠,영상 땡큐 박항세오…베트남 열광의 도가니 태극기 펄럭
세계,청년 괴벨스가 꿈꾼 독일의 미래…자전소설 미하엘
세계,美공군 알래스카 해안 근접비행 러시아 전폭기 등 6대 차단
IT과학,광명시 시청에 AI면접 체험관 설치 운영
IT과학,LG 건조기 듀얼 인버터 히트펌프 인기
경제,그래픽 역대 따상상한가 이상 종목
스포츠,아이재아 토머스 2대 2 트레이드로 레이커스 이적
스포츠,여자배구 KGC인삼공사 안준찬 신임코치 선임
세계,러드 전 호주총리 눈물…정부 반대로 유엔총장 도전 못해
IT과학,매혹적 장밋빛…LG V30 새 색상 라즈베리 로즈 인기
세계,브리티시 드림에 냉동차 탔다가…애끊는 베트남 가족들
스포츠,정운찬 총재 신인들한테 선동열 박찬호 백인천 이승엽 꿈꾸라
세계,페드로 마르티네스 홈런 늘어난 건 작아진 공 탓
스포츠,독립야구단 성남 블루팬더스 19일 창단식…감독 마해영
세계,러시아 우주화물선 프로그레스 발사성공…이틀 뒤 ISS 도킹
IT과학,국가기술표준원 SOFC에 산업융합 신제품 적합성 인증 부여
세계,伊 경찰 오인으로 억울한 옥살이 아프리카 남성에 망명 허용
스포츠,벤투라 이탈리아 감독 결국 경질…후임 안첼로티 물망
세계,머라이어 캐리 사우디 공연…서방 여성 가수로는 처음
IT과학,작년 복제약 개발 줄었다…생동성 시험 14% 감소
스포츠,SK 와이번스 행복더하기 야구단 7기 창단식
스포츠,프로배구 KB손보 베테랑 센터 김형우 영입
IT과학,KIST 권익찬·김광명 박사 3년연속 상위 1% 연구자
경제,오리엔트바이오 계열사 오리엔트전자 주식 67억원에 취득
경제,코다코 해외사업 관리 법인 설립에 50억원 출자
스포츠,추신수 타격감 좋은데…텍사스오클랜드전 우천 순연
세계,차기 미국 대통령은 아시아에서 지도력 발휘해야
경제,금융위 적극행정 직원에 혜택 주고 면책 범위는 늘린다
IT과학,프로 동영상 모드 등 갤노트20 신기능 갤노트9에도 업데이트
세계,120개 언어 인도 힌디어 국어 지정 놓고 찬반 논란
IT과학,LG CNS IoT 접목한 전자가격표시기 사업 박차
경제,1보 코스피 3.85% 급등 마감…1790선 돌파
IT과학,KIST 목질계 바이오매스로부터 바이오연료 생산
경제,삼성운용 잘나가는 기술주 ETF 투자 경품이벤트
세계,이란 외무 트럼프 볼턴에 들볶여 알렉산더도 못한 일 하려해
세계,트럼프에 선전포고 어나니머스 사회보장번호·전화번호 공개
IT과학,비누 성분 넣은 반도체 잉크 개발…유독성 잉크 대체 가능
스포츠,공수 맹활약 김성현 자꾸 운이 따른다…독침 세리머니 후회
스포츠,스페셜올림픽 전 배구국가대표 김성민 발달장애선수들 가...
세계,中공산당 2831일 4중전회…시진핑 후계자 등장설도
경제,LG CNS 미래전략사업부장에 백상엽 사장
스포츠,모리뉴 야유 보낸 첼시 팬에게 아직 내가 넘버원이야
세계,中허베이성 홍수피해 주민들 당국 무성의에 분통
스포츠,강정호 복귀전 첫 타석에서 헤이더에게 3구 삼진
경제,한경연 3월 전일제 취업자 7.6% 감소…통계청 0.7%보다 심각
세계,사우디 빈살만 왕세자 재작년부터 반체제인사 탄압 비밀공작
경제,부동산 소유권 이전 등기 간편히…특별조치법 시행령 통과
스포츠,포르투갈 축구팀 볼트에 영입 제안…햄버거·셀카봉 줄게
세계,로저스 인수위 하차 크리스티파 퇴출…NBC 스탈린식 숙청
스포츠,KIA 김민식·최정민 친정 저격…SK 3연패 수렁
경제,2보 홍남기 55만개α 직접일자리 3.5조 추경재원 확보직후 집행
세계,우리가 돌아왔다…EU서 권토중래 꿈꾸는 스페인
스포츠,평창올림픽 성화 순천만 정원서 강강술래로 환경 구현
IT과학,삼성디스플레이 QD 사업화팀 신설…양산준비 돌입
세계,레닌이 오래 살았다면 소련의 사회주의는 바뀌었을까
경제,국고채 금리 일제히 하락…3년물 연 0.818%
IT과학,LGU 인터넷에 AI 기기 묶은 스마트 인터넷 요금제 출시
IT과학,빛으로 신경세포 조절 광유전학 과학자 노벨상 유력 후보
경제,코아로직 한경지앤아이 지분 55.6% 취득 결정
IT과학,소재 자성 제어 방법 찾았다…차세대 반도체 연구에 한발
경제,전남교육청 내년 예산 3조6천억원…올해보다 2천270억원 ↓
스포츠,폭투 때 과감한 3루 쇄도…두산 발야구로 삼성 6연승 저지
세계,카슈끄지 살해 당시 녹음파일 첫 공개…부검톱 소리도 담겨
스포츠,라치오 유벤투스 꺾고 수페르 코파 이탈리아나 우승
IT과학,LGU 정보보호 관리 국제표준 인증 획득
IT과학,LG페이 품은 중저가폰 LG X4 출시…출고가 34만9천원
경제,하나금융지주 주당 500원 중간배당 결정
스포츠,아드보카트 감독 스파르타 로테르담 지휘봉
스포츠,여자농구 선수들 애장품 판매하는 W위시리스트 경매 개최
세계,샤넬 헤밍웨이 애용 파리 리츠 호텔 보수 중 화재
경제,금융위원장 9월에 대출 만기 재연장 얘기 안 하게 되길
세계,美 매티스 前국방 동맹 없이는 쇠퇴…트럼프 작심 비판
경제,1천100원대로 내려간 원달러 환율…당분간 원화 강세종합
경제,특징주 크로바하이텍 대규모 증자 소식에 급락
세계,성학대 파문 美워싱턴 대주교에 흑인 그레고리 임명
경제,LG그룹 구본준 고문과 계열분리…상사·판토스·하우시스 뗀다종합2보
세계,UAE에 아브라함의 집 건설…기독·이슬람·유대교 한자리에
스포츠,현대차배 초중고 야구대회서 수영초·마산동중·경남고 우승
경제,증시신상품 KB운용 KB코스닥1등주 목표전환펀드 출시
스포츠,아직도 승리 없는 LG와 롯데…고민은 구멍 난 방망이
세계,권총부터 기관총까지…IS 떠난 이라크서 호신용 총기거래 성황
IT과학,SKT 인도네시아 텔콤과 신성장 사업서 협력키로
경제,홍남기 경기회복 흐름 이어가는 중
IT과학,삼성 갤럭시폴드2 화면 커지고 접히는 유리 UTG 탑재 전망
세계,정치인 대신 스포츠스타…트럼프공화당전당대회 이색행사로
스포츠,MLB 뉴욕 메츠 캘러웨이 감독 경질
스포츠,배구연맹 13개 구단 감독·실무자 참석 1박 2일 워크숍
IT과학,뇌 후각 지각 기억 형성에 직접 영향
경제,피곤한 현대사회 세계 에너지음료 시장 급성장…5년새 30%↑
스포츠,MLB 슈퍼스타 하퍼 필리스 시범경기 시청률 신기록
스포츠,혈연농구 논란 극복 못한 농구 대통령 허재 씁쓸한 퇴...
스포츠,부폰 신예 디발라에게 세계 톱3 안에 드는 선수 극찬
경제,코스피 외인·기관 매도에 장중 2%대 하락
세계,日강진에 활화산 감시망도 고장…아소산 감시는 문제없어
세계,미·중 갈등 영향 원달러 환율 상승 마감
세계,게시판 교보 日 기노쿠니야 서점에 한국책 코너 개설
세계,영국 25년내 물부족 직면…물소비·누수 줄이고 저수량 늘려야
세계,세계 경제 위기 속 글로벌 기업들이 한국을 주목하는 이유
세계,마야 뱀왕조 비밀 풀 왕실 무덤 벨리즈서 발굴
경제,포스코케미칼 3분기 영업이익 194억원…작년 동기 대비 30.7%↓
경제,지성규 KEB하나은행장과 시클리티라 영국 PCA 회장
경제,경영계 명분없는 파업 철회해야…생산차질 우려
경제,게시판 기업은행 IBK희망디자인 대구 대신동 양말골목 지원
경제,3개 자산운용사 금투협 정회원 신규 가입
세계,유럽美 랍스터 논쟁…북미종이 유럽종 생존위협 vs 영향없어
스포츠,중간 신영석이 주장…위아래 똘똘 뭉친 남자배구 대표팀
경제,작년 기업 예금 증가율 5년만에 가계에 뒤져…올해는 재역전
스포츠,北 U20 여자월드컵 대표팀 감독에 황영봉 재임명
스포츠,올스타전 최준용 하프라인 슛 관중도 함께 속인 몰래카메라
IT과학,스마트폰 품질 보증기간 내일부터 연장…삼성 번인 제외 논란종합
스포츠,석현준 골 오심에 월드컵 골라인 판독시스템도 바뀌나
세계,스위스 의원 63% 차량용 연료에 탄소세 도입 찬성
IT과학,11월 과학기술인상에 UNIST 백종범 교수
스포츠,막내 이승우의 조심스러운 마음가짐 많이 배우겠다
경제,삼성물산 건설부문 사장 이영호·상사부문 사장 고정석
세계,퓨마·뱀 득실 아르헨 사막서 5세 소년 실종 24시간만에 구조
세계,광폭행보 트럼프 이매뉴얼과 회동…불체자 보호도시 논의한듯
세계,이란 4.5% 농축우라늄 보유량 370㎏으로 늘려…핵합의 위반
경제,그래픽 전국 주택 매매 거래량 추이
IT과학,물에 띄울 수 있는 일체형 인공잎 시스템
IT과학,무보 빅데이터로 안심 수출 돕는다…결제 이력 270만건 분석
세계,약물중독 비상 걸린 美…진통제 펜타닐 대량살상무기 지정 검토
스포츠,kt 이진영 은퇴…젊은 친구들에게 기회 양보
IT과학,뉴스페이스 우주정책·산업 방향은…코리아스페이스포럼 2020
경제,발표하는 이시우 카카오 게임퍼블리싱 본부장
경제,카카오 계열 엔진 로이게임즈에 60억 투자해 최대주주
세계,약자에게 기회균등을…최연소 총리 예약 핀란드 88만원 세대
세계,스위스 생존 필수품서 커피 제외…원두 비축의무 폐지 방침
스포츠,여자축구 FA 최대어 여민지 수원도시공사로 이적
경제,특징주 코스모화학 황산코발트 생산능력 확대에 강세
IT과학,현대모비스 수소에너지로 움직이는 지게차 개발…내년 시범운행
세계,캐나다 건국 150주년 퀘벡주 여름축제 풍성
스포츠,올림픽 답변하는 랜디 희수 그리핀
IT과학,얼룩말에게 줄무늬가 생긴 이유는…英연구진 파리 쫓는 효과
IT과학,모심는 자율주행 농기계 나왔다…SKT·대동공업 첫 상용화
스포츠,조나탄·황일수 이적 발표는 언제…금주 내 마무리
IT과학,게시판 과기한림원 30일 젊은 과학자가 보는 대학 미래 온라인토론회
세계,패전후론 일 평론가 가토 노리히로 별세
스포츠,오승환 6번째 피홈런…쑥스러운 3호 홀드
경제,내년 주식시장 거래일 251일…2010년 이후 최대
스포츠,김경문 없는 NC 김평호·양승관 코치도 떠난다
IT과학,게시판 시큐어레터 무선접속장치·침입방지시스템 올인원 패키지 출시
IT과학,물 속 작은 유기분자도 제거하는 오염물질 흡착제 개발
경제,거래소 등 증권유관기관 증시안정펀드 7천600억 신속조성 협약
스포츠,MLB 로스터 26명 증원·승률 높은 팀에 신인지명 우선권
IT과학,게시판 서울대 지석호·박우진 교수 등 신양공학학술상 수상
경제,DSR 40% 전면 확대는 시기상조…장기과제로 추진될 듯
경제,은성수 주택시장 안정 때까지 대출규제 위반 점검종합
세계,실사판 옥자 나오나…中 돈육대란에 초대형 돼지 사육 붐
스포츠,마이너리그 7년 문찬종 친구 최지만의 격려 받고 왔죠
세계,춘제 끝나자마자 中 허난성 高法부원장 기율위반 조사
경제,심화하는 전세난에 빌라로
스포츠,가을에 강했던 SK 외야수 조동화 현역 은퇴 선언
스포츠,MLB 호세 바티스타의 2015년 배트 플립 홈런공 경매
스포츠,프로축구 수원 신신제약과 스폰서십 계약
스포츠,축구에 죽고사는 세남자의 이야기
경제,강남 신논현역 인근 청년주택 들어선다…2019년 완공 목표
경제,코로나 영향은 이제부터…2분기 기업이익 전망치 한달새 13%↓
경제,원달러 환율 숨고르기…1120원대 중반서 보합권 등락
세계,英 새 하원의장에 노동당 출신 린지 호일 경 선출
경제,원달러 환율 상승 마감…1186원
세계,中 황실 정원 원명원 말머리 동상 150여년만의 귀향
경제,국고채 금리 대체로 상승…3년물 연 0.863%
IT과학,LG G7 씽큐 붐박스 부스터 경진대회 최우수작 IFA서 전시
경제,KTB투자 지주회사 기업 실적 감소 방어주…비중확대
IT과학,노화 뇌세포 제거하면 비만으로 인한 불안증 완화
경제,연합뉴스와 인터뷰 하는 방문규 수출입은행장
스포츠,피케 네이마르 바르셀로나에 남는다 SNS에서 천기누설
스포츠,프로농구 FA 최진수·조성민 소속팀과 재계약…문태종 결렬...
경제,원달러 환율 소폭 상승 마감…5거래일 만에 반등
스포츠,삼성화재 김강녕·정준혁↔한국전력 이승현·권준형 트레이드
IT과학,플라스틱으로 냉장고 천 개발…여름옷 소재로 제격
스포츠,할러데이 이어 무시나도 무소속으로 MLB 명예의 전당 입성
세계,獨 도이체·코메르츠방크 합병 무산…충분한 이익 어려워
IT과학,미량의 원소까지도 놓치지 마라…이차 방사선 기술
세계,모스크바국제도서전에 한국관 설치…내년에는 주빈국
스포츠,2018년 WS 우승팀 보스턴 돔브로프스키 사장 해임
IT과학,게시판 미래부 제33차 ICT 정책 해우소 개최
세계,美 남중국해 군사기지화 지나쳐…中 중국군 과소평가 말라
경제,퇴직금 95억원 지급 책임은…부산공동어시장·항운노조 갈등
IT과학,KT 조난 등산객 위치 알려주는 사물인터넷 재킷 첫 시연
세계,러시아 北수해 주민에 식량·디젤유 지원
경제,하나금투 셀트리온헬스케어 깜짝 실적…목표가↑
IT과학,게코도마뱀 모방 전도성 접착패드로 생체정보 측정
세계,불안한 평온 홍콩시위 소강상태…일부 도로 통행 재개
세계,하나라부터 신해혁명까지…4천년 중국 문명을 집약하다
IT과학,갤럭시노트FE 초반 인기…일부 온라인 매장 품절
IT과학,웹젠 신작 더 비스트 국내 안드로이드 마켓 출시
IT과학,배틀그라운드 모바일·아이언쓰론 게임 신작 동시 출시
경제,공포에 질린 주식시장…증시 공포지수 11년여만에 최고종합
세계,베트남 총리 AG 4강신화 박항서호·메달리스트 치하
스포츠,프로야구 kt 외야수 오정복·내야수 김동욱 웨이버 공시
스포츠,구자철 선발로 59분 활약…아우크스부르크 마인츠 꺾고 2연승
세계,중국계 바이러스학자 정책위반 혐의로 캐나다연구소 떠나
경제,한은 코로나 여파로 최대 76만가구 1년내 돈줄 마른다종합
IT과학,엡손 스마트 글라스 BT350 출시
경제,서울 고가아파트 2년새 22% 오를 때 저가 아파트는 38% 뛰었다
경제,상반기 내수시장 판매 1위 승용차 그랜저
스포츠,프로농구 전정규·천대현 등 현역 은퇴…FA 협상 마감
경제,JAL 회생 사례 놓고도 아전인수…한진 경영권 진흙탕 싸움
IT과학,갤노트7 단종 후 첫 사장단회의…사장단 침묵
스포츠,울산 박정인·포항 김찬 등 15명 우선지명으로 내년 K리...
스포츠,프로야구 NC 빅리거 멀티플레이어 베탄코트 영입
스포츠,LG 가르시아∼강승호∼양석환 역대 70번째 삼중살
스포츠,이 악문 GS칼텍스 지면 죽는다 끝까지 물고 늘어진다
스포츠,우리은행 정규리그 6연속 우승 버팀목…곧 마흔 맏언니 임영희
스포츠,김학범호 FC서울과 연습경기서 41 대승…한승규 결승골
경제,상반기 주식 액면변경 상장사 15곳
스포츠,배니스터·엑스타인 특별보좌로 MLB 피츠버그 합류
스포츠,레반도프스키 해트트릭 뮌헨 함부르크에 80 대승
스포츠,도르트문트 강설로 경기 연기…박주호는 명단제외
경제,현대자동차그룹 제3회 중국 국제 수입박람회 참가
경제,추락하는 증시 ② 빚낸 개미 어쩌나…반대매매 쪽박 경고음
스포츠,LG 김현수 빠지니 3루 공백…장시윤 투입·가르시아 훈련 합류
경제,1보 코스피 또 3.2% 급락…1710대로 후퇴
세계,DNA 아버지 왓슨 인종차별 발언으로 명예직 박탈 당해
경제,긴급재난지원금 신청 11일 시작…카드사 홈페이지서 7시부터종합
경제,원화강세 전망에도 중소기업 61% 환리스크 관리 안 해
IT과학,첫돌 전 아기 배앓이 잦은 까닭은 공생균 결여 때문
스포츠,박미희 감독 테일러 앙금 오래전 일이고 신경 안 써
세계,美탄핵 역대사례는…클린턴·존슨 기사회생 닉슨은 자진사임
스포츠,말컹제리치주니오이용 K리그 2018 대상 MVP 4파전
경제,그래픽 2018년 일자리이동통계
세계,인도 북부서 저질 밀조주에 대규모 인명피해…최소 92명 숨져
세계,공항에서 학교 측 관계자 만난 중국인 유학생들
스포츠,다저스 담당기자의 송별사 류현진 가장 사랑받은 선수
경제,황금연휴 유통업체 매출 48%↑…내수진작 효과 컸다
IT과학,KT 넥슨 트라하 다운로드 고객 대상 데이터 5GB 제공 행사
경제,현대오일뱅크 임원급여 20% 반납…코로나 비상경영체제 돌입
경제,이건희·이재용 올해도 배당 1·2위…부자 배당금 6천174억원
스포츠,동정 명지대 농구부 신임 감독에 전자랜드 김태진 코치
IT과학,침으로 고지혈증 진단한다…KIST 콜레스테롤 분석기술 개발
스포츠,AG 금빛 지휘 김학범 성숙해진 손흥민·업그레이드된 황의...
스포츠,SK 박종훈 헤드샷 퇴장에도 타선 덕에 승리요건
경제,보험사 대출잔액 238조원…주택담보대출 증가 전환
세계,레바논 시위대 국회 주변 도로 차단…의회회기 연기
세계,아베 아마리 사의 수리…후임에 이시하라 前환경상
스포츠,페키아 伊베로나 감독 총명한 이승우 향후 더 기회 얻을 것
IT과학,UNIST 신현석 교수팀 초저유전율 절연체 비정질 질화붕소 개발
세계,코너 몰린 베네수엘라 마두로…지지세력인 군부에서 첫 이탈자
스포츠,올림픽 이곳에선 우리가 선수
스포츠,아킬레스건 파열 이종현 농구대표팀 제외…최부경 합류
경제,금융당국 일본식 공매도 가닥…내달 의견수렴
스포츠,우리금융 첫 그룹 후원선수로 LPGA 양희영 선정
스포츠,여자배구 KGC인삼공사 한수지·박상미와 FA 계약
경제,대한항공 사우회 3자 연합이 의결권 권리 침해
스포츠,쿠페르 우즈베크 축구대표팀 감독 취임…亞최강팀 만들 것
스포츠,LG 김현수 실패자 발언은 겁 없이 한 말 경솔했다
스포츠,프로배구 우리카드 코치진 재편…수석코치에 김재헌
세계,비행기 랜딩기어에 숨어 밀항 시도 인니인 말레이 공항서 적발
경제,증시신상품 한국투자증권 연 7.6% 수익 추구 ELS 모집
경제,한국유리공업 작년 연결 영업익 92억원…32%↓
IT과학,캠코한국남부발전 유휴 국유지에 태양광 발전사업
IT과학,한미 연구진 초고화소 디지털카메라 기반 기술 개발
IT과학,갤럭시S10 최상위 모델·폴더블폰 가격 200만원 넘을까
IT과학,CO2 녹이는 단백질 활동 포착…기후변화 대응 기대
스포츠,박미희 감독도 문정원 서브에 엄지척 자존심 지켰다
IT과학,LG AI로 화학소재 개발 나선다…다국적 컨소시엄 결성
스포츠,손흥민 후반전 교체 출전했지만 부진…20호골은 다음에
세계,유키 마츠에다가 3D 아트로 빚어낸 유머와 위트
경제,빚 3.5조 더 늘린 슈퍼예산에 국가채무 956조…GDP 대비 47.3%
스포츠,레알 마드리드 라스팔마스와 무승부…선두 복귀 실패
경제,쪽방·고시원 거주자에 보증금·이사비 걱정 없는 공공임대 지원
경제,그래픽 민간 건설사 분양 계획
경제,금융硏 예금자보호제도 위기대응력 강화해야
IT과학,넥슨지티 국외 진출 위해선 서든어택 2 출시 불가피
세계,5년간 16차례 경보끝 결국 산사태…노르웨이인 불안 끝 환호
세계,다이애나 죽음 잊었나 엘튼존 해리 왕자 흠잡는 英언론 비난
스포츠,아시안게임 김학범호 최종상대 키르기스스탄 바레인과 2...
IT과학,KT 갤럭시 버즈 라이브 레드 색상 단독 출시
경제,6일만에 돌아온 외국인 금융주 샀다
세계,멕시코 검찰 석유기업 페멕스 前사장·가족 수뢰혐의 체포영장
스포츠,아사노야마 일본 5월 프로 스모대회 우승
IT과학,SKT 5G 인빌딩 전용 장비 레이어 스플리터 설치 확대
스포츠,방망이 산산조각내듯 만장일치 벽도 깬 커터의 달인 리베라
IT과학,생체인증① 홍채부터 정맥까지 내 몸이 곧 패스워드
IT과학,KT 올레tv 모바일서 오리지널 콘텐츠 아미고TV 2 공개
IT과학,삼성 IM부분 영업익 3조대 선방…갤S8·갤노트8 효과
경제,실거래가 가장 비싼 역세권은 신반포역…3.3㎡당 1억 육박
세계,아마존서 도널드 트럼프 소재 성애소설 히트
경제,삼성페이 브라질 1위 은행 이타우 유니방코와 파트너십
IT과학,생명공학 통계·기술평가 시행된다…생명공학법 개정안 의결
경제,코레일네트웍스 93%가 비정규직…공사·정부는 책임 떠넘기기
세계,트위터 쿠바 카스트로 총서기·국영매체 등 계정 차단
경제,노량진 한복판에 1∼2인가구용 뉴스테이 207가구 건설
세계,美 LA 웨스트 나일 바이러스 비상…지카보다 위협
경제,6대 시중은행 작년 배당 4.7조…우리은행 1.4조로 최고
스포츠,아이슬란드 유로컵 역사적 승리 9개월 후 역사적 베이비붐
스포츠,포항제철고 야구부 해체 반대
세계,中인민일보 요정의 땅 중국 화롄 표현에 대만 침 흘리지 마
세계,日 가와사키시 헤이트 스피치 벌금 500만원 조례안 공개
스포츠,이석수 미르·K스포츠재단 육영·일해재단과 비슷하다 생각
세계,기시다 日외무상 방중…내일 리커창 총리와 회동
경제,증안펀드 내일 출격…1차분 1조원 규모로 운용 개시
경제,삼성카드도 적금 고금리 마케팅 가세…연 7% 혜택
세계,밀라노 마지오 24 광장 전시된 갤럭시 노트8 옥외광고
세계,테헤란앙카라 완행 기차노선 4년만에 재개…60시간 소요
경제,라임 무역금융펀드 100% 배상 결정…사상 첫 계약취소종합
세계,잠 좀 잡시다…2시간마다 점호에 좀비 된 마약왕 구스만
IT과학,바리스타 로봇이 주문받고 커피 제조 5G 카페 개점
경제,휴메딕스 3분기 영업익 26억원…44.1% 감소
스포츠,최고의 순간에 치부 꺼낸 김재환 약물 문제 매일 후회했다
IT과학,수퍼박테리아 죽이는 새 항생물질 찾았다
세계,화웨이 부스에 전시된 탑승용 무인기 이항
세계,대만 살얼음 양안관계 속 전투기 비상이착륙 훈련 재개
IT과학,한샘 생산기술연구소 김홍광 이사 신지식인 선정
세계,반난민 이탈리아 부총리 이번엔 사창가 부활 주장으로 논란
스포츠,MLB 카를로스 벨트란 라틴계 첫 뉴욕 메츠 감독 선임
IT과학,KIST 가습장치 없는 수소연료전지 개발
IT과학,SKB Btv ZEM키즈 누리교실·초등학습·영어스쿨 신설
세계,이나다 日방위상 과거 강성발언으로 국회서 연일 혼쭐
스포츠,축구 국가대표 출신 수비수 장학영 승부조작 혐의 구속
경제,현대캐피탈 4천억 규모 해외 그린본드 발행
스포츠,위기의 女농구…박찬숙·박정은 이름표부터 달고 다시 뜁니다
스포츠,NC 새 감독 내부에서 찾았다…이동욱 코치 사령탑에
스포츠,오렌지카운티레지스터 류현진 휠러보다 평균 연봉 높아야
세계,日·臺 프리미어12 개막전서 베네수·푸에르토 제압
세계,클린턴재단 후폭풍인가…힐러리 vs 트럼프 지지율 3%p로 좁혀져
IT과학,줄기세포로 모낭·피지샘 갖춘 인공피부 제작
세계,日나리타공항 활주로 증설·운영시간 연장 추진
IT과학,전자담배 이용한 금연효과 니코틴 패치·껌의 2배
경제,SKT·코트라 ARS 평가 1위…꼴찌는 운수업
경제,코스피 소폭 하락 출발…2430선 등락
경제,천일고속 주당 4천원 현금배당
IT과학,전북대 박민욱 박사 위조방지 스마트 잉크 개발
세계,中 빈곤 지역은 서러워…박봉에 교사들 항의시위까지
스포츠,박지성·설기현도 겪은 인종차별…손흥민 어떻게 극복할까
IT과학,다결정 소재 성능제어 기술 개발…반도체·배터리에 활용 기대
경제,포스코건설 중소기업과 공동 시공기술 개발 추진
스포츠,외국인선수 계약금횡령 안종복 경남FC 前사장 징역2년 확정
세계,美 간판급 제조업체들 줄줄이 깜짝실적…세계경제 화창
경제,코스피 코로나19 팬데믹 공포에 4% 폭락…1960도 붕괴종합
IT과학,KAIST 이상완 교수팀 인간처럼 문제해결 강화학습 모델 구현
세계,日아베 측근 증세연기 발언에 중·참의원 동시선거설 확산
세계,英 로열 베이비 이름은 아치 해리슨 마운트배튼윈저종합
경제,신종코로나로 조업 중단 사업장에 고용유지 지원금 지급
스포츠,아시안게임 응원석엔 하나된 함성 벤치엔 우정의 미소…...
세계,특징주 이란 美 보복공격에 미국 변동성지수 ETN 강세종합
세계,힐러리 北핵탑재 ICBM 손에넣으면 미사일방어망으로 중국 포위종합
세계,美법무 힐러리 이메일 수사 수사진 권고 전적 수용
경제,LG전자 G6 매월 판매량 늘고 있어…스테디셀러 기대
세계,미국 IS 핵심 첩보원 체포…IS 격퇴전 중요 성과
IT과학,유브이알 NTT 커뮤니케이션스 오픈 이노베이션 파트너 선정
IT과학,NASA 역사적 태양탐사선에 태양풍 발견 파커박사 이름 붙이기로
IT과학,공룡도 수풀에 몸 숨기려고 위장색 사용
스포츠,올림픽 최명광강성일 북측 응원단에 화답
경제,창원 북면 덕산아내 에코프리미엄 2차 분양
스포츠,전남 스트라이커 하태균 영입…4년만에 K리그 복귀
세계,STX 러시아 제재목 수출 사업 참여
세계,아이티서 불법 무기 소지 혐의 체포 외국인들 美로 출국
경제,금융위원장 공개서한 통해 최근 금융 이슈 설명
IT과학,금 나노입자로 통풍 치료 효과 높인다
세계,독일 反테러 대책 강화…선불폰 이용에 신분확인 의무화
경제,한전 BIXPO 2020 온라인 개최…에너지 신기술 한눈에
IT과학,삼성 갤럭시S10으로 미국 유명 토크쇼 지미 팰런쇼 촬영
세계,간토대학살 조선인 희생자 위령 헌신한 日 세키고젠 스님 별세
스포츠,월드컵 목발 치운 기성용·멍든 루디 훈련에 동행…벼...
경제,270억대 소송사기 허수영 영장 기각…롯데 수사 제동
경제,NH투자 연준 제로금리·트럼프 기자회견 경기 우려 확산
IT과학,한국연구진 중성자별 충돌 규명에 핵심 역할 수행
경제,경기회복 청신호 켜졌지만…4분기 수출에 코로나 영향이 변수
세계,中 美주도 호르무즈 호위 군사연합 참여에 모호
경제,위클리 스마트 비트코인 아성에 도전하는 이더리움
경제,섬성카드 준오뷰티와 전략적 업무제휴 체결
세계,美 민간단체 北 영아·산모 사망률 한국의 8배
IT과학,스마트폰 고려장…녹소연 LG폰 업데이트 중단 비판
IT과학,KIST 항비말 마스크 개발
스포츠,웨스트햄 감독 안토니오 갈비뼈 부상으로 토트넘 설욕전 결장
IT과학,KIST 화재위험 없는 고체리튬전지용 고효율 고체전해질 개발
IT과학,40대 이전 조기발병 위암 관여 유전자 발견
세계,룩셈부르크 총리 나는 동성연애자…아랍국가였으면 사형 직면
세계,폴란드 소비보르 유대인수용소 최후 생존자 96세 일기로 사망
경제,한국은행 2020년도 신입직원 입행식
경제,신한카드도 월세 결제 서비스…집주인 사업자등록 불필요
세계,축사하는 아슬란 아슬라노프 의장
IT과학,남극 장보고기지 건설뒤 토양서 항생제내성 유전자 종류↑
세계,머르기트 다리 밑 유람선 참사 희생자 추모 공간
IT과학,KIST 이상석 박사 물·기름 분리 성질 이용해 다층구조 액정 입자 제작
경제,데이터 인프라 구축해 한국 금융중심지 매력 높인다
세계,日 남서쪽 섬 지역에 자위대 주둔지 신설…中 견제
IT과학,U프로야구·골프·아이돌라이브 앱 무료개방
IT과학,게시판 롯데하이마트 가전제품 과학원리 소개 과학콘서트
경제,하나카드·중소상공인희망재단 협약…소상공인 특화 카드 발급
스포츠,아시안게임 베트남전 앞둔 태극전사 부상 열외 없이 ...
스포츠,이주의 뉴스키워드 빙상연맹 김아랑 이상화
세계,푸에르토리코 400년 전통 투계 계속하겠다…美연방정부에 반기
IT과학,메탄올 연료전지 핵심부품 개발…드론 장시간 비행
경제,그래픽 전국 땅값 얼마나 올랐나
세계,中 국가휘장 먹칠에 격분…중앙 권위에 도전 용납 안 해
경제,거래소 지엔코 시황변동 조회공시 요구
세계,시진핑 아랍권 실력자 UAE 왕세제 만나 전방위 협력 추진
세계,미 부동산시장 1월 위기설…밀린 집세 올해말 79조원 예측도
경제,신한BNP파리바운용 국내운용 부사장에 서준식씨 내정
경제,신한카드 아마존닷컴과 장기 협력관계 구축
경제,특징주 필룩스 1분기 실적 호조에 강세
IT과학,인간 예술 이해·재창작하는 AI…구글 마젠타 프로젝트
경제,피델리티 화천기공 지분율 3.59%로 줄어
IT과학,KIST 송용원 박사 광통신 펄스 레이저 반복속도 57.8㎓ 달성
경제,작년 신탁 재산 968조…DLF 사태로 안전자산 비중 늘어
세계,미 INF 불이행 선언 임박…6개월 뒤 탈퇴 수순
IT과학,넷마블 일본 걸작 게임 스톤에이지 모바일판 출시
세계,유엔인권대표 수단 시위대 석방하고 요구사항 들어야
IT과학,울산교육청 울산대 등 4개 대학과 AI 융합교육 전문교사 양성
경제,KT·GS리테일 건대입구에 VR 테마파크 2호점 오픈
IT과학,日연구팀 깨져도 상온에서 원상회복 가능한 유리 개발
IT과학,배달 노동자 위험 구역 접근하면 경고음 내는 프로그램 개발
IT과학,가물에 콩 나듯 잡히는 5G…연결돼도 빠른 속도 체감은 아직
세계,맥도날드 빅맥 유럽서 상표권 분쟁 패소
IT과학,예스24 부산 중고서점에 도서수거 돕는 자율주행로봇 도입
세계,영상 WTO 사무총장 도전 유명희 통상 경험·전문성 갖춘 적임자
스포츠,프로농구 전자랜드 외국인 선수 홀러웨이·포츠와 계약
경제,연 소득 7천만원 이하 특고·자영업자에 150만원 지원금 준다
세계,美국립보건원 지카백신 임상시험…진원생명과학 이어 두 번째
스포츠,거즈 물고 뛴 메시 엘클라시코 승리 이끌었다
IT과학,레고 조립하듯 염색체 제작…2년 내에 100% 인공효모 나온다
세계,최고령 96세에 노벨상 받은 미 물리학자 애슈킨 별세
IT과학,LG유플러스 30만원대 휴대용 고화질 빔프로젝터 출시
스포츠,프로축구 강원FC 새 대표에 박종완 전 강원도 대변인
경제,게시판 미래에셋운용 미국 주식 ETF 거래 이벤트
세계,쿵쉬안유 주일 中대사 북일 정상회담 성사 협력·지원
경제,캐롯손보 퍼마일 자동차보험으로 특허청 특허 획득
IT과학,과산화수소 생산 촉매 개발
IT과학,미생물의 화합물 합성경로 한눈에…카이스트 합성지도 제작
경제,그래픽 법인 아파트 매도 건수
스포츠,호타준족 이언 킨슬러 은퇴 발표…목 디스크 문제
세계,독일 레베 올레드 TV 연합군에 합류…LG 반색
IT과학,삼성전자 64메가 D램 개발진
경제,한화건설 공모채 흥행 성공…청약경쟁률 5대 1
스포츠,강속구 내려놓고 첫 선발 무실점…한승혁 시야 넓어졌다
IT과학,환각제 먹고 포옹한 문어…인간과 비슷한 반응
IT과학,LG유플러스 가전제품 동시 제어 IoT 멀티탭 출시
경제,엘에스일렉트릭 3분기 영업이익 218억원…작년 동기 대비 59%↓
경제,금융硏 韓 국채 마이너스 금리·디플레이션 가능성 작다
경제,코세페 기간 카드 승인액 6.3%↑ 자동차 32%↑…내수에 기여
세계,일본 나라현 법륭사 금당벽화 일반에 공개키로
IT과학,사이테크 플러스 크리스퍼 유전자가위로 카사바 개량 성공
세계,美 콜로라도서 경찰 총에 죽은 견공 몸값 3억원
스포츠,맘고생 끝 이재영 다행히 제가 강한 사람입니다
스포츠,윤성빈·원윤종·서영우 여자농구 결승 3차전 시구
IT과학,대세로 자리 잡아가는 온라인 장보기
스포츠,LG에서 뛰던 토미 조셉 보스턴과 마이너 계약
세계,코로나 시대 가짜뉴스 해결책은…유네스코 회의 韓서 첫 개최
경제,1보 한진칼 신주인수권부사채 3천억원 발행…유상증자 재원 조달
IT과학,컨버터블 노트북 인기…삼성 펜 11만대 판매·LG 내년 가세
경제,토비스 자사주 30억원 취득 결정
경제,한국전력공사 3분기 영업이익 1조2천393억원…작년 대비 11.2%↓
경제,그래픽 개인종합자산관리계좌ISA 가입자 추이
경제,에스엔유 255억원 디스플레이 제조장비 공급계약
경제,가상화폐 양도차익 과세방안 내달 발표…양도세에 무게
경제,로엔엔터 인수 총괄 박성훈 카카오 CSO 회사 떠난다종합
스포츠,월드컵 차두리 코치는 군기반장에 분위기 메이커
세계,1차대전때 분실한 호주 참전용사 일기장 102년 만에 집으로
IT과학,연료전지 백금 촉매 대체할 금속유기골격체계 탄소 촉매 개발
경제,내달부터 한국감정원서 주택청약 받는다…부적격 당첨 줄어들듯
경제,정의선 현대차·현대모비스 주식 190억원 매입…책임경영 강화종합2보
스포츠,춘천서 내달 3일 태권도 품새선수권·5인조 겨루기 대회
세계,이란발 위협 놓고 미·영 이견…즉각적 위협 vs 변화 없어
경제,코스피 1% 상승 출발…장중 2200선 돌파종합
경제,2년만에 아파트 42채 갭투자 미국인…외국인 다주택자 세무조사
스포츠,프로농구 인삼공사 오세근 전치 2주…6강은 출전 힘들 듯종합
세계,유럽증시 각국 부양책에 힘입어 일제히 상승
경제,NH투자 기아차 인도 진출·신차 출시로 성장 잠재력…매수
스포츠,아스널 중국서 식중독 고생…경기선 뮌헨에 극적 승리
세계,파키스탄 이슬람 성직자 인도 상대 지하드 촉구
경제,대한전선 새 C.I 발표
IT과학,왕겨·금속산화물로 물속 영양염류 인 제거하는 복합체 개발
스포츠,호물로 골 부산 대전에 10 승리…황인범김문환 맞대결
IT과학,AI 항원 검출 도축장 방역
세계,브렉시트 실행되면 이중다수결제도 여파로 獨비토권 약화
경제,테슬라 4분기 연속 흑자…국내 2차전지 업체 수혜 기대
스포츠,배구협회·김호철 감독 진실공방…이직 허용 놓고 다른 주장
스포츠,8일 남자배구 신인드래프트…전진선·한국민 주목
스포츠,여자배구 기업은행 코치·전력분석관 채용 공고
스포츠,한국체대 FC천마 2018 K리그 퀸컵 우승
IT과학,오준호 KAIST 교수 등 과학기술훈장 창조장 수상
스포츠,한은경 북한축구협 부회장 방남…30일 EAFF 총회 참석
스포츠,이희용의 글로벌시대 프로야구 데뷔 60년 맞은 장훈의 ...
세계,벨기에 출신 연출가 이보 반 호브 5년만에 내한 무대
IT과학,게시판 제4회 국토교통 빅데이터 온라인 해커톤
세계,올해 말라카해협서 8차례 해적사건…中 이달초 보안경보 상향
경제,특징주 항공주 유가하락·원화강세에 함박웃음종합
세계,과이도 내일 브라질 방문…보우소나루 대통령과 면담
세계,北통신 밴쿠버 외교장관회의 비난…美 정세격화 놀음
세계,터키 에르도안 펜스 美부통령 안 만날 것…언론청 뒷수습
스포츠,빅리거 2세 비지오 MLB 첫 홈런…게레로 주니어도 3안타
경제,김형돈 전 조세심판원장 은행연합회 취업 또 좌절
경제,김대환 삼성카드 대표 자사주 5천주 매입…책임경영 의지
IT과학,물리학 미시세계 이론 밝히는 입자가속기 가동
경제,론스타하나금융 손해배상 결과 이달 나온다…국가소송 예고편
IT과학,구글 딥마인드 저장회로 적용한 신기술 신경망 발표
세계,中 하이얼 100년 역사 美 GE 가전부문 인수 합의종합2보
IT과학,배아의 배엽 분화 결정하는 메커니즘 규명
세계,英진공청소기 업체 창업자 다이슨 EU 농업보조금도 빨아들였다
IT과학,백신 알약 일별 랜섬웨어 차단 최고치 경신
IT과학,1보 LG화학 배터리 사업부문 분할 확정…주총서 승인
세계,영국 이층버스 마이클 잭슨은 결백 포스터
경제,포스코케미칼OCI 고순도 과산화수소 합작법인 설립종합
세계,프랑스 혁명기념일 열병식서 유럽 자체방어 의지 과시한다
스포츠,FIFA 전몰자 추모하는 양귀비꽃 문양 제재 완화
IT과학,그래픽 성별·연령대별 인터넷 이용률
IT과학,더 똑똑한 냉장고는 삼성·LG CES서 진화한 AI 냉장고 첫선종합
경제,한수원기업은행 코로나 피해 원전협력사 대출기금 400억 조성
경제,코스피 잇단 대외 악재에 1%대 급락…2230선으로 후퇴종합
세계,개최국 인도네시아 국기 게양
세계,멕시코 해변 휴양지 칸쿤서 11명 탈옥…2개 마약범죄 조직원
스포츠,월드컵 최진철 연맹 경기위원장 감스트와 독일전 합동 중계
스포츠,두산 박치국 모자에 새긴 김강률 이니셜…선배 몫까지
IT과학,서울대의대 개발 치매 조기진단법 국내 기업에 기술이전
스포츠,FC안양 뉴질랜드서 뛰던 수비수 김대욱 영입
경제,2보 코스피 4.9% 급락…1600선도 무너졌다
세계,유엔 자정 결의에도 중아공서 평화유지군 성학대 혐의 또 제기
경제,삼성카드 월 최대 2만원 할인 다이소 삼성카드 출시
스포츠,여고생 국가대표 박지현 WKBL 신입선수 선발회 참가
IT과학,KT AI기술 해외 공략…국제전화 불법호 탐지 솔루션 첫 수출
경제,위너스운용 파생상품 투자 800억 손실…KB증권과 책임공방 예고
IT과학,KIST 전자 스핀 이용한 AI 반도체 기술 개발
스포츠,KBO 흥행의 양축 KIA·롯데 후반기 반등이냐 추락이냐
경제,정부 경영위기 두산중공업에 1조원 긴급 수혈
스포츠,호날두 챔피언스리그 APOEL전 출전 … 지단 레알 감독...
스포츠,전반기 40경기 포심 0개 송은범 후반기에는 다시 ...
IT과학,모바일 게임 아라미 퍼즈벤처 글로벌 다운로드 100만 달성
스포츠,풋살장 골대 넘어져 중학생 중상…지면과 고정 안 돼
세계,예멘 반군 사우디군 지휘통제부 탄도미사일 공격
경제,코로나19 경제충격에 중국 지준율 인하로 95조원대 유동성 공급
IT과학,올림픽 5G 기술 들어가면…안방서 원하는 선수만 콕
스포츠,올해 홍진기 창조인상에 여자 컬링 대표팀
세계,얼짱 총리 왔다 일본 열도 캐나다 트뤼도 앓이
세계,십이지는 시공을 초월한 유라시아 지역 공통어
경제,2보 한은 기준금리 연 0.5%로 동결…경기방어에 초점
경제,신라젠·마이크로프랜드 코스닥 상장예비심사 통과
IT과학,키네틱 아트와 만난 LG V30…카메라·오디오 성능 강조
스포츠,리버풀맨 로니 모란 83세로 타계
세계,대만 총통 美하와이 비상관리국 방문 일정 주목
경제,파인테크닉스 종속회사 에프엠에스 흡수합병
IT과학,詩큐레이션 앱 시요일 이용자 10만명 돌파
세계,조지 부시 트럼프 고립주의·이민배척·보호주의 비판
스포츠,이재성 독일 2부 홀슈타인 킬로 이적…8월 5일 고별경기...
IT과학,LG전자 9월 獨IFA서 V50 후속작 발표…듀얼스크린 업그레이드
스포츠,덕큐리·호호아부지·세ㄴ터…기발한 V리그 올스타 별명
세계,비디비치 싱가포르 창이공항 면세점에 첫 해외 매장
세계,러와 갈등 우크라 사상 처음으로부터 미국산 원유 직수입
경제,코스피 국내외 부양책에도 1700붕괴…거래대금은 최대종합
세계,레바논 새 총리에 디아브 전 교육장관…정치안정 시급종합
스포츠,느림보 투수 다나카 20초 룰 큰 문제 없어
경제,그래픽 5만원권 환수율 추이
스포츠,영국 해설가들의 쏟아지는 칭찬 손흥민 가장 눈에 띈다
세계,사우디 사막에 세계 최대 녹지 조성…여의도공원 60배
세계,美 시리아 유전지대 병력배치에…러 국제 강도질 맹비난
IT과학,게시판 이달의 KIST인상 4월 수상자 김상경 연구원
세계,울까봐 선글라스 쓴 아빠…오바마 큰딸 말리아 졸업식 참석
IT과학,게시판 4차산업혁명위 디지털뉴딜 관련 현장의견 청취
세계,日감독 신상옥 유지따라 도쿄서 동학농민혁명 무대 올려
스포츠,부천FC 오스트리아에서 뛰던 센터백 김재우 영입
세계,그리스 사모스섬 인근서 난민선 전복…어린이 포함 3명 사망
IT과학,NHN ACE 웹·앱 분석도구 에이스카운터 정식 출시
경제,신한카드 4억달러 규모 해외 ABS 발행
경제,금융硏 저금리 장기화 주택가격 상승·가계부채 증가 위험
IT과학,LG폰이 선택한 구글 핵심서비스…LG전자엔 양날의 칼
스포츠,디에고 코스타 中이적설에 큰 소리 말도 안 되는 얘기
IT과학,삼성전자 언더아머 협력 제품 갤럭시 워치 액티브2 공개
경제,김천시 내년 예산안 1조1천200억원…올해보다 8.1% 증액
경제,특징주 카스 투자주의 종목 해제소식에 한때 상한가
IT과학,김연아·윤성빈이 5G 알린다…SKT 캠페인 영상 공개
세계,이라크 정부 친이란 시아파민병대 통제력 강화시도
IT과학,스마트폰으로 임신 진단…배란측정기술 하반기 상용화
IT과학,세기의 대국 알파고 치밀한 분석력 이창호 닮았다
스포츠,상주 1부 잔류 이끈 윤빛가람 K리그1 38라운드 MVP
IT과학,과학기자협회 선정 올해의 과학자상에 중력파연구단
경제,한국투자증권 해외주식 모바일앱 누적거래액 1천억 돌파
경제,한화투자 SK하이닉스 상반기 실적 호조 기대…매수
스포츠,리버스 스윕 보인다…장정석 감독 후회 없는 경기 하겠다
경제,코바코 4월 광고시장도 순풍…식음료업종 증가세 뚜렷
세계,브렉시트 中 새 경기부양책 시행 전망…지준율 인하할 듯
스포츠,올림픽 최신원 SK네트웍스 회장 리우서 여자핸드볼팀 응원
경제,시중에 풀린 돈 GDP의 1.5배…세계 주요국 중 상위권
스포츠,MLB 애리조나 외야수 칼훈과 2년 186억원에 계약
IT과학,이마트몰 카카오톡 장보기 서비스 개시
경제,현대제철 서울 잠원동 사옥 판다…현금 확보 차원
세계,우크라 녹취록으로 본 트럼프…변덕스럽고 아첨에 약해
IT과학,그라운드X 한재선 대표 클레이튼이란
경제,최저임금인상 촉구 행진하는 민주노총 관계자들
IT과학,KIST 탄소나노소재로 우주복 섬유·방사선차폐재 개발중
경제,신영증권 배급사 뉴 부산행 개봉에 실적호조 기대
세계,체코서 벨벳혁명 30주년 맞아 시민 25만명 총리 퇴진 목소리
IT과학,장내 미생물이 만드는 지방산 비만 유도
IT과학,팬택 아임백·베가 시크릿업 자급제폰으로 풀려
경제,부동산 매매 심리지수에서 다시 확인된 인천·경기 풍선효과
경제,관광주간 지출 5조원 달하지만…국민 여가없어 여행 못가
세계,러시아 강도의 굴욕…저항에 놀라 후추 스프레이 오발·줄행랑
경제,경기흐름 어디로…다음주 산업생산·소비심리 지표 주목
스포츠,한화서 뛴 로사리오 미네소타와 마이너 계약
스포츠,다저스 감독 류현진 모든 공 가치있어…정타 맞은 것 없어
세계,런던금융가 메이 英총리 하드 브렉시트 추진 우려
스포츠,아가메즈 33득점 우리카드 KB손해보험 완파…3위 굳...
경제,8조원대 적자 조선 빅3 설 상여금 지급한다
IT과학,농진청 신품종 땅콩 개발
경제,현우산업 작년 영업이익 36억원…흑자전환
경제,그래픽 국내 증시 하루 평균 거래대금 추이
경제,그래픽 한진칼 지분 현황…조 회장 연임 성공종합
경제,농심 신라면 건면 출시 초반 인기몰이
경제,배럴 경기도 이천 물류창고 126억원에 양수
스포츠,월드컵본선 뛴 한국 선수 144명…홍명보·황선홍·이운재 4회
경제,특징주 CJ ENM·스튜디오드래곤 실적 부진에 약세
세계,탈레반 아프간 북부 장례식장서 주민 45명 납치
스포츠,KBO·100인의 여성체육인 난치성 환우와 가족 야구장 초청
IT과학,KT AI 기반 네트워크 운용 플랫폼 뉴로플로우 개발
세계,1977년 납북된 일본인 마쓰모토 교코 평양 병원에 입원중
스포츠,ktKIA 내야수 이창진↔외야수 오준혁 맞트레이드
경제,기재차관 코로나19로 2월 경제지표 변동성 확대
세계,北中 거친 불만표출 中美에 굴종… 北中안보에 점점 위협
세계,朴대통령 스캐퍼로티 연합사령관에 보국훈장 통일장 수여
스포츠,월드컵 패기의 황소 황희찬 준비 많이 했다…자신감...
세계,中훙샹 대표 북한서도 사업…평양서 광물합자기업 설립
IT과학,구글 최고연구자 사고력 지닌 AI는 먼 훗날 얘기
스포츠,홈런 놓친 베이브 류스…류현진 발사각 높여야
스포츠,2천319번째 안타 박용택 양준혁 넘어 개인 통산 안...
IT과학,인크루트 로봇직원 알리사 채용…사번은 24365
IT과학,광주 인공지능 사관학교 개교…실무 인재 양성 닻 올려
IT과학,라인 음식 촬영 전용 카메라앱 푸디 출시
IT과학,인공지능 번역 1등은 구글…2등 파파고·3등 시스트란
경제,메리츠종금 JB금융지주 호실적에도 불확실성 여전
IT과학,LG벨벳 물방울 카메라 등 스펙 공개…다음 달 15일 출시
스포츠,오른발 왼발 안 가리는 손흥민 양발로 골 골 골
스포츠,2년 만에 A매치 골 팔카오 콜롬비아 역대 최다득점자 우뚝
스포츠,벤투호 우루과이전 대비 실전 미니게임…옥석 가리기
경제,증시신상품 한화운용 한화글로벌리얼에셋펀드 출시
스포츠,득남한 날 맹활약 최홍석 더 이기고 싶은 날이었다
IT과학,넥슨 콘솔PC 넘나드는 카트라이더 드리프트 공개
경제,KAI방사청 1조500억원 규모 수리온 4차 양산계약 체결
스포츠,AC 밀란 볼로냐 꺾고 가투소 사령탑 취임 후 첫 승
경제,신년사 정완규 한국증권금융 사장
경제,경기도 6월 취업자 전년比 11만4천명↓…3개월 연속 하락세
스포츠,오타니 이어 바우어스…메이저리그 이틀 연속 사이클링 히트
IT과학,동부하이텍 팹리스 업체 반도체 설계지원 강화
스포츠,종말·파멸·국가적 수치…伊 월드컵 탈락에 거센 후폭풍
IT과학,기능 마비가 코앞인데…WTO 상소기구 내홍 심화
세계,4년전 아웃사이더 때처럼…공격으로 점철된 트럼프 출정연설
IT과학,SKT 골드번호 5천개 추첨…12월 7일까지 접수
경제,하루 1만원 내고도 동영상은 언감생심…로밍 요금제 부담
경제,고양 삼송지구 힐스테이트 삼송역 오피스텔 분양
경제,현대기아차 2분기 코로나 충격 제네시스·쏘렌토로 막았다종합2보
스포츠,곽승석의 통통 튀는 공인구 적응법…시즌 초부터 야간 훈련
세계,승객 줄고 적자는 늘고…미국 대중교통 운행축소 검토
IT과학,넷플릭스법 시행…구글·페북·카카오 등에 망품질 의무 부과
경제,금감원장 핀테크 규제 백지에 놓고 재점검
스포츠,청룡기 우승 축하 다스코 대표 광주동성고 5천만원 쾌척
세계,미국 컨슈머리포트 삼성 기어S3 애플워치보다 나아
스포츠,메시 멀티골 바르사 레가네스 꺾고 2위 탈환
스포츠,아시안게임 허재 감독허웅·허훈 3부자의 금메달 도전
경제,이랜드 중국법인 여성복 브랜드 티니위니 매각 추진
IT과학,어젯밤 꿀잠 잤을까…LGU IoT숙면알리미 출시
세계,일본인의 시각에서 바라본 조선인 B급전범 홍사익
스포츠,프로배구 왕별 서재덕·양효진 팬들에게 쏜다
세계,美 기업들 추가 관세 반대 아우성…G20서 휴전 가능성
세계,오스트리아 연정 붕괴…쿠르츠 총리 조기총선 선언종합2보
IT과학,대전시 과학기술보좌관에 송인진 원자력안전기술원 연구원
경제,김광수 농협금융 회장 향후 10년은 디자인 경영으로
경제,비규제지역 오피스텔도 청약 활활…인천 송도에 5만7천명 몰려
IT과학,영하 273도 견디는 우주용 실리콘카바이드 반사경 개발
IT과학,AI로 부정수급 찾아낸다…과기부 14개 공공사업에 207억원 투입
IT과학,로봇 손끝에 촉감 입혔다…한의사 진맥하듯 정밀
스포츠,노동부 최숙현 괴롭힘 있었나 경주시 체육회 특별근로감독
스포츠,일본 대신 광주광역시에서…V리그 여자부 4개 팀 평가전 성사
세계,헤이그 칼부림 용의자 아직 추적중…부상자 3명 퇴원
경제,캠코 서울 신당동 아파트 등 압류재산 1천262건 공매
스포츠,U20월드컵 사고뭉치 우루과이 대표팀의 씁쓸한 퇴장
IT과학,사이테크 플러스 자동차 바퀴에 깔려도 사는 괴물곤충 외골격의 비밀 풀렸다
스포츠,프로축구2부 부천FC 권오규·유대순 코치 영입
스포츠,건우·수빈·경민…김태형 두산 감독 타순 고민 없어
IT과학,심부전 치료 부작용 없는 심장 자극기 개발
IT과학,KIST 햇빛·CO₂흡수 아세톤 생산하는 박테리아 개발
IT과학,카드 없이 얼굴로 결제…신한카드 얼굴인식 결제 상용화
IT과학,주파수 대역정비 예보제 도입…5G 주파수 늘린다
IT과학,과기부 소재혁신 프로젝트 연구단 9곳 선정
스포츠,롯데 송승준 5⅔이닝 2실점…314일 만에 선발승
스포츠,쉬어가는 이용찬 유재유 한 이닝씩 잘 던지면 돼
스포츠,백악관서도 엔터 샌드맨…MLB 전설 리베라 자유메달 수상
스포츠,이름값도 눌러버린 구위 류현진 각 팀 에이스 연파
스포츠,악몽의 8회 에인절스 오타니·시몬스 연쇄 부상
IT과학,콘텐츠 등 디지털 객체 DOI 국내에서 등록 관리한다
IT과학,화성 적도에서 상당량 수소 발견…물 존재 가능성
스포츠,프로축구 광주 이승모 의식 잃었다가 깨어나…목뼈 실금 부...
경제,전업 투자자문사 10곳 중 6곳꼴 적자…중소형사 취약
IT과학,SK플래닛 개인맞춤 광고쇼핑몰 연결 레코픽랜딩 서비스 출시
경제,은성수 금융위원장 코로나19 관련 금융지원 상황 점검
IT과학,SW개발업협동조합 암호화폐 스타크로 선포식
경제,그래픽 경력단절 여성 경제활동 실태
경제,한경연 성장률 1%P 떨어지면 취업자 45만명 줄어
경제,서울 정릉에 SH 청신호 1호 주택 완공…오늘 온라인 공개
스포츠,난 현금지급기 아냐…추신수의 두 아들 클럽하우스 봉사자로
경제,금융지주회장단 9월 만기연장은 코로나·기업사정 보고 결정
세계,영국 음악잡지 디제이 맥 아시아판 창간
스포츠,여준형 전 빙상 대표팀 코치 피해자가 맞서 싸우기 힘든 구조
IT과학,IBS연구팀 서울대 양범정 교수 고체의 양자거리 측정 가능성 최초 제시
세계,프랑스 칼레 미성년 난민 1천500명 난민촌 떠나…철거 작업 완료
IT과학,만병통치 줄기세포 치료 언제나 가능할까
세계,멕시코 문화재 반환 요구에도…프랑스서 아스텍 유물 등 경매
IT과학,KT 5G 오케스트레이션 기술 국제표준 됐다
스포츠,프로야구 한화 투수 김혁민 등 10명 재계약 불가 통보
스포츠,박용만 두산 회장 최태원 SK 회장에 KS 우승축하 기...
IT과학,가민 보급형 스마트워치 포러너 35 출시
세계,日국민 68% 금융청 보고서 정부 대응 납득 못 해
경제,SK주식회사 다우존스 지속경영지수 우수기업에 7년 연속 선정
IT과학,PC 단축키 한번이면 중계 OK…게임방송 보편화 날개 달다
IT과학,모바일 개그 콘테스트 개최…총상금 1천만원
IT과학,지니뮤직 신임 대표에 조훈…5G 비주얼 음악플랫폼 도약
경제,LGU 휴대전화 보험상품 가입기한 늘리고 요금 내렸다
스포츠,kt 게레로 등 코치 인선 완료…박기혁도 은퇴 후 코치로
스포츠,아시안게임 개회식 기수 임영희 여자농구 단일팀 분위...
스포츠,두산 주전 외야수 도전하는 국해성 힘들어도 만반의 준비
IT과학,KT어드밴텍 코리아 LTEM 탑재한 게이트웨이 출시
IT과학,블루라이트 진짜 눈에 안 좋을까…전문가 유해성 증명 안돼
스포츠,김병기 금메달리스트도 지도자로 군복무…병역법 개정안 발의
경제,코스피 0.3% 상승 마감…2360대
스포츠,이만수 전 감독 화성시 리틀 야구단들에 피칭머신 후원
경제,카이노스메드 자회사 FAScinate 주식 181억원에 추가취득
IT과학,게시판 과기정통부 SW마이스터고 여름SW캠프 개최
경제,알이피 에이나인미디어 주식 45억원어치 취득…지분율 100%
스포츠,강원FC 함석민 음주운전 사고로 60일 출전정지 당해
경제,게시판 NH투자 경북 영양 농촌에 전기레인지 기부
스포츠,정효근·김민수·최진수 프로농구 올스타전 덩크 콘테스트 출격
세계,토고 해상서 그리스 유조선 선원 4명 해적에 피랍
세계,독일 통일 후 첫 증군…18만5천 명 상한선 해제
세계,마타렐라 이탈리아 대통령 화마 할퀸 노트르담 대성당 방문
스포츠,월드컵 신태용 안아준 차범근 비난에 흔들리지 마라
세계,사우디 새 외무장관에 파이살 왕자…대외이미지 개선 의도
경제,주택공급 방안 묘수 찾기 고심…모든 수단 강구
경제,임대차법 시행 3개월간 서울 전셋값 7.5% 뛰었다종합
스포츠,아시안피스컵 남북 男배구팀 열전 펼쳐…양쪽 똑같이 응원
스포츠,선수 해외이적으로 발생한 학원축구 미수령 훈련보상금 86억원
세계,필리핀 인권운동가 보라카이 관문 사유지에 위안부 동상 세워
경제,연금저축 年225만원 납입…수령액 月25만원 불과
세계,영국 내무 IS 가담자 처벌 위해 반역법 개정 검토
IT과학,진원생명과학 진드기 SFTS 예방백신개발 국비지원 선정
세계,美 엘패소 총격 멕시코 유족 등 월마트 상대로 소송
경제,모트렉스 16억원 규모 고속철도 VOD 시스템 공급
IT과학,종이 도면 없어도…삼성중공업 3D 모델로 설계 인증받는다
세계,허위공시 중국원양자원 이번엔 호재성 공시 쏟아내종합
IT과학,게시판 4차산업혁명과 미디어산업 전망 세미나
스포츠,K리그 레드카드 속출…VAR은 못속여
IT과학,트라피스트1 주변 지구형 행성 7개 어떻게 찾았나
세계,伊 시칠리아섬 에트나 화산 다시 대규모 분출 조짐
세계,나토 미군 폴란드에 병참기지 건설 계획…무기·탄약 보관
세계,에티오피아機 이륙후 비정상 속도…1만800피트 상공서 사라져
IT과학,제15회 해킹방어대회 대상에 올가미팀
IT과학,스마트폰 HW 발전은 끝물…SW가 성장 활로
세계,영상 인니 경찰 2m 넘는 구렁이로 위협 심문…거짓말 하면 물린다
경제,지식재산위 소·부·장 지적재산 키운다…7천151억원 투입
경제,아주대 정문 지나는 김우중 전 회장 운구 차량
IT과학,로봇이 수건 가져다준다…노보텔 앰배서더 동대문 엔봇 시작
스포츠,첫 선발 클리블랜드 낸스 주니어 22점 15리바운드 맹활약
경제,아모레퍼시픽 신설 법인 오설록에 사업 양도
세계,홍콩경찰 고등학생 피격에 정당방위…현장상황은 논란 여지종합
세계,홍콩 겨눴나…인근 中 선전에 무장경찰 장갑차·물대포 집결
경제,글로벌기업 경영진 절반 이상 세계경제 U자형 회복 전망
세계,북아프리카 스페인령 세우타 이슬람교회당에 괴한들 총격
IT과학,사람 닮아가는 로봇팔의 손재주…이케아 나무의자 조립 성공
스포츠,사우샘프턴 가봉 국가대표 미드필더 레미나 영입
경제,게시판 유진투자증권 테슬라 주식 구매 이벤트
IT과학,한국과학상에 이탁희·이영숙 한국공학상에 심태보·최원용
경제,유커 다시 오나…전북도 특수목적 중국 관광단 유치 재시동
IT과학,게임정보 네이버웹툰 원작 게임 메이비 오픈베타 外
세계,흑색선전 난무하는 인도네시아 대선판…러시아식 선전전
IT과학,블로그 티스토리 초대장 없이 누구나 가입 가능
세계,브뤼셀 테러 IS 시리아 점령지서 사탕 나눠주며 자축
스포츠,NBA 커즌스 골든스테이트와 1년간 530만 달러 FA 계약
IT과학,머릿속 비듬 만드는 유전자 세계 최초 발견
IT과학,LG헬로 중소기업에 클라우드PC 서비스 체험기회 제공
IT과학,고등어 속 오메가3 유방암 세포 억제한다
IT과학,네이버가 만든 로봇팔 앰비덱스 국제로봇학회서 우승
스포츠,인천 안데르센 감독 조현우 리버풀 클로프 감독에게 추천
세계,WSJ 민주당 위기감은 샌더스 아닌 힐러리의 자질 때문
경제,대교 티엔홀딩스 주식 290억원어치 취득…지분율 100%
경제,김현미 현 4.0% 수준인 전월세전환율 적정성 검토해야
세계,쿠바 신문 발행지면 감축…인쇄용지 공급 부족
스포츠,여자농구 FA 박태은 우리은행과 3년 재계약
IT과학,인간의 장에도 콜레스테롤 분해 박테리아 존재한다
스포츠,伊프로축구 기린아 北한광성은 지정학적 그물을 피할 수 있을까
세계,하원의원 부인 피격 지역서 도전장 前 美우주비행사
IT과학,KIST 항암 나노물질 개발 레이저 쏘면 약효…쥐실험으로 확인
IT과학,KT 5G 영상통화 앱 나를 데이터 요금 6월 말까지 무료
IT과학,티맥스소프트 제우스 8 CE 클라우드 에디션 출시
스포츠,kt 보스턴 출신 우완 쿠에바스 영입…총액 67만 달러
IT과학,자폐증 관련 유전자 발견…삼돌이로 명명
스포츠,벤치클리어링 아처 5경기·푸이그 2경기 출장정지
세계,파운드화 약세 배팅 늘어…덴마크도 EU 탈퇴 가능성
세계,아사드 트럼프 외교경험 없다고…부시오바마도 마찬가지였다
스포츠,MLB 클리블랜드 프랑코나 감독과 2년 계약 연장
스포츠,류현진 역사적인 MLB 올스타 선발 데뷔전서 1이닝 무실...
스포츠,프로야구 SK 새 단장에 손차훈 운영팀장…선수 출신 단장 유지
스포츠,킹 제임스 처음으로 NBA 정규리그 개근
스포츠,롤라워 Kiin김기인소년가장 짐덜고 강등권 탈출로
스포츠,벤투 감독 선발 명단 큰 차이 없는 이유…뼈대 유지하는 과정
IT과학,진짜일까…한국기업 제작 아바타 로봇 SNS서 화제
스포츠,2경기 만에 교체 kt 헤르난데즈…역대 기록은 한 경기 뛰...
스포츠,휴스턴 하든 NBA 역사상 첫 60득점 트리플더블
스포츠,전북 모라이스 감독과 2년 계약…마르케스 코치 선임
IT과학,셀트리온제약 HIV 치료제 CTG7 글로벌 공급 본격 시작
세계,일본 총인구 8년째 줄어 1억2천644만명…70세 이상 20% 첫 돌파
세계,일본정부관광국 새 일본 여행 스타일 소개
IT과학,위클리 스마트 AI가 불러온 포털 개인화…뉴스 5줄은 뒤안길로
스포츠,매탄고 축구부 2018 J리그 U17 챌린지컵 준우승
스포츠,김선빈 재역전타 KIA 4연승 신바람…넥센 3연패
스포츠,우리은행 박혜진 영희·정은 언니 함께 있으니 든든
경제,행남사 스튜디오 썸머로 사명 변경…각자대표 선임
스포츠,말문 연 오지환 저란 선수 때문에 상처받은 분들께 죄송
스포츠,아시안게임 야구대표팀 14안타에 잔루 13개…응집력은 ...
세계,중국 화웨이 그룹 대구교육청에 마스크 10만장 통 큰 기부
세계,스위스 신문 크레디트스위스 인사 담당 임원도 미행
IT과학,게시판 KT 기가지니 홈트레이닝 챌린지 도전자 시상식
세계,상아의 덫…코끼리 밀렵 줄었다지만 멸종 위기는 지속
세계,굴욕겪은 문명대국 중국·그리스 약탈문화재 반환에 합심
세계,인도 스와티 차투베디 등 2018 언론자유상 수상
스포츠,스파이크 연습만 해도 우와∼ 부산 깜짝 배구 열기
세계,프랑스 국공립 병원에 대규모 공적자금 수혈
IT과학,우리 몸 늙은 조혈줄기세포 회춘 기술 나와
IT과학,삼성 갤럭시 앱스 대형 게임 잇단 유치로 세 불리기
IT과학,미래부 무선국 허가·검사제 보완…드론·5G 신산업 활성화
세계,日스포츠계 뒤숭숭…도쿄올림픽 뇌물의혹 다케다 JOC회장 퇴임론
스포츠,토트넘 아르헨티나 19세 수비수 후안 포이스 영입
IT과학,LGU 베스트셀러 WHy 3D VR 콘텐츠로 제작
IT과학,KT 인공지능 기술로 목소리 찾아드려요…목소리 찾기 프로젝트
IT과학,과기부 제1호 우수 RD 혁신제품에 항바이러스 필터 모듈
세계,바티리크스 재판서 기자 2명 무죄 선고
스포츠,김정은 절친 NBA 악동 로드먼 나도 싱가포르 간다
경제,개포지구 첫 재건축 단지 래미안 블레스티지 완판
스포츠,日축구스타 혼다 멕시코 파추카 입단회견서 깜짝 스페인어
스포츠,베트남 히딩크 박항서 3·1절에 보신각 타종
경제,이지스운용 부동산 운용자산규모 아시아 운용사중 3위
스포츠,북한 아시안게임 농구 단일팀 선수에 로숙영·장미경·김혜연
세계,최장수 인도 델리 주총리 실라 딕시트 별세
세계,유대교 랍비도 독일군 된다…군 성직자로 복무
IT과학,HDC현대EP 화재에 강한 건축용 단열재 더블폴 개발
스포츠,시즌 첫 승 윤규진 1승도 없어서 초조했어요종합
IT과학,게시판 이화여대 AI시대 미래교육 논의하는 포럼 온라인 개최
세계,獨 메르켈이 낙점한 후계자에 여론 70% 총리에 부적합
세계,해외 첫 소녀상이 미국 글렌데일에 들어선 까닭은
세계,사우디 지잔공항 공격 예멘 반군 무장드론 요격
IT과학,치아·수도관 썩게 만드는 생물막 억제 물질 발견
IT과학,갤S8 색감 조정하면 된다는 삼성…해외 반응이 관건
IT과학,한선기법으로 제작된 황포돛배
IT과학,허블망원경으로 170광년 밖 슈퍼 목성 자전 직접 측정
IT과학,과학기술 미래인재 콘퍼런스 개막…미래인재 양성 소통의 장
스포츠,겸손한 박항서 감독 나는 에릭손 감독에 미치지 못해
세계,메이 총리 관두면 걷기·요리·크리켓시청에 많은 시간 할애
스포츠,일본 스포츠청장관도 고교야구 투구수 제한 환영
경제,우미·제일·서한건설 세종·인천에 공공지원 민간임대 건설
IT과학,언어지능 엑소브레인·시각지능 딥뷰 조기 산업화
IT과학,한전 에너지 밸리 조성사업 사회적 가치 확산 우수사례 선정
세계,미국 주택담보대출 연체 수준 8년여만의 최악
IT과학,페이스북 인터넷 드론 아퀼라 실물 첫 시험비행 성공
스포츠,MLB 투수 셔저의 쓴소리 투자 인색한 팀은 떠돌이 팬만...
스포츠,비가 두산에 준 선물…우완 정통파 불펜 이영하
스포츠,한국 축구 배운다 중국 청소년클럽 호남대서 연수
스포츠,제네시스 4년 연속 더 CJ컵 후원…G70 등 차량 92대 지원
스포츠,김민수·강상재 등 심장병 어린이돕기 희망농구 올스타 참여
경제,신한은행 비대면 근저당권 해지 프로세스 도입
IT과학,산화 금속 고르게 분포된 신소재 맥신 합성 성공
경제,KB국민카드 태국 여신전문금융회사 제이 핀테크 인수
세계,유럽의회 中 위구르족 반체제인사에 사하로프 인권상 안겨
IT과학,현대제철 빅데이터 기반 전기로 원료 운영 시스템 구축
스포츠,발 빠른 에버턴 몸값 비싼 GK 픽포드·MF 클라센 영입
IT과학,색 차이 측정장비로 어류 산란시기 예측한다
IT과학,5월 과학기술인상에 전헌수 서울대 교수
경제,추석 연휴 후 개장한 코스피 상승…2330대종합
스포츠,마스크 쓰고 경기지켜 보는 선수들
경제,KB손보서울대 자율주행차 관련 보험제도 공동연구
경제,한국타이어 벤츠 AMG 스피드웨이에 타이어 독점공급
세계,카파도키아 찾은 관광객들
세계,美웨스트버지니아 경선 샌더스 박빙 우세…전체 판세와는 무관
세계,수치 미얀마 의회 요직에 소수민족 내정…갈등 봉합 시동
세계,터키 60년 숙원 국민차 시제품 공개…2022년 양산 돌입
경제,일봉산 아파트 개발 절대 반대
스포츠,NBA 덴버 골든스테이트 꺾고 우리가 워리어스 천적
스포츠,벼락같은 중거리포로 러시아 가는 길 열어젖힌 이창민종합
경제,게시판 BNP파리바 지속가능경영 100대 기업에 선정돼
경제,공매도 금지 연장에 투자자 환영…시장 영향은 글쎄
경제,미래에셋자산운용 1호 리츠 하반기 유가증권시장 상장 추진
세계,日 도카이무라 핵연구소 방사성 물질 누출
경제,기아차 신임 대표이사에 송호성 글로벌사업관리본부장 선임
스포츠,6경기 징계 신시내티 벨 감독 좌충우돌 방황기
IT과학,고효율 태양열 흡수체 개발…해수담수화 효율 2배 높였다
경제,특징주 재생에너지 확대 정책에 유니슨 신고가
경제,전문가들 6만가구 사전청약 공급 불안 심리 진정 효과
세계,런던증권거래소 홍콩거래소의 366억달러 인수제의 거절
스포츠,남자농구 국가대표 코치에 조상현 전 오리온 코치
세계,유엔 소말리아 국민 170만명 식량난 직면할 것
IT과학,머신러닝 유비쿼터스 시대…모든 개발자 활용할 줄 알아야
경제,우리금융 2분기 순익 1천430억 77% 급감…충당금 3천356억원종합
세계,美 원유상품 투자자들 잠 못이루는 밤…OPEC회의에 美휴장도
IT과학,멜론 쇼윙·아지톡도 카카오 계정으로 이용 가능
경제,게시판 키움증권 2020 ETF 실전투자대회 개최
세계,트럼프 성토장 된 뮌헨안보회의…메르켈의 저격에 기립박수
세계,印모디 화장실 보급 빌게이츠 재단상 수상에 비판 쇄도
스포츠,LG트윈스기 서울시 초등야구대회서 도곡·중대초 공동우승
경제,CJ제일제당 미국 자회사 슈완스 냉동피자 국내 출시
경제,라임 무역금융 펀드 실사 종료…손실 확대 우려종합
IT과학,나노입자로 계면활성제 제작…제약·화학 연구 활용 기대
경제,역풍선효과 서울 집값 5개월래 최대 상승…강남 신고가 속출종합
경제,중기 68% 가업승계 계획 있다…상속·증여세 가장 부담
스포츠,프로축구연맹 故조진호 감독 아들에게 장학금 전달
경제,日다이하쓰 인니법인 전기차 전환시 대량실업…현대차 견제
경제,레드캡투어 대표이사에 인유성 전 LG디스플레이 부사장
경제,SNS돋보기 작년 대졸 실업률 고졸 첫 추월…취업난 실감
스포츠,넥센 좌완 서의태 트레이드 이후 첫 1군 콜업
IT과학,추억의 전화선 인터넷 사라진다…17년만에 100만선 붕괴
경제,주성엔지니어링 1분기 영업익 127억원…0.9% 증가
경제,중소 제조업체 4곳 충남에 700억원 투자…610명 신규고용
세계,佛 해외령 기아나 노조대표단 우주기지 무기한 점거 농성
스포츠,호날두 탈루액 186억원 납부 생각 없다
스포츠,잉글랜드 U20 대표팀 솔랑케 리버풀로 이적
스포츠,배구 U대회 남자대표팀 코치에 장영기·송병일…선수 12명 소집
스포츠,파이즈 아시아 선수 최초로 FIFA 푸슈카시상 수상
세계,선사부터 청까지…1천 페이지에 담은 중국인의 심미문화
스포츠,우리은행서 첫해 김정은·어천와가 말하는 지옥훈련 효과
IT과학,SKT유콘시스템 5G 드론용 ICT 솔루션 개발 협력
세계,볼턴 목소리 키우고 에이브럼스 특사에…美네오콘 입지 커진다
스포츠,박치기 논란 권순태 한국 팀에 지고 싶지 않았다
경제,에코프로비엠 2분기 영업이익 139억원…작년 동기 대비 25.7%↑
스포츠,태업논란 제이미 바디 살해협박 받고 있어
IT과학,아이폰8 해외판매 부진…7과 X에 끼어 계륵되나
세계,伊 로마 한국주간 개막…200인분 대형 비빔밥 퍼포먼스에 탄성
세계,레바논 수니파 지도자 하리리를 차기 총리로 지지
세계,우간다 동성애자 극형 처벌 법안 5년만에 재추진
스포츠,나주환 결승 3점포…SK 이틀 연속 LG 제압
세계,이란 中·英 아라크 중수로 개량에 협조…작업 재개
세계,美 대선족집게 무디스 애널리틱스 힐러리 낙승 전망
IT과학,글로벌 TV시장 16% 축소…삼성·LG는 판매 확대
스포츠,여자배구 KGC인삼공사 레프트 최은지 FA로 영입
스포츠,올림픽 최다빈 피겨 중계 실감나네…비밀은 5G 타임슬라이스
세계,중국 레임덕 빠진 캐리 람 대신 플랜B 모색하나
경제,서울옥션 25일 홍콩경매에 브라운·워홀 등 초고가 출품
경제,MP그룹 엠피한강 지분 일부 매각 검토 중
경제,김해영 청년희망펀드 기부자 절반이 수탁은행 직원
세계,이총리조코위 인니대통령 양국 첫 금메달 상호 축하
IT과학,대장균으로 청바지 염색 가능해진다…화학 합성법 대체
IT과학,전파자원 블루오션 밀리미터파 기술 선점 경쟁 후끈
세계,페루 아레키파 도시 건립 477주년 축제
세계,미 트럼프이스라엘 네타냐후 통화…요르단계곡 합병 논의종합
세계,해외축제 올해 테이스트 워싱턴 3월 23일 개막
스포츠,3년 만에 농구코트 복귀 장준혁 심판 최고 덕목은 소통
세계,이란 핵합의 지키고 1년간 참았다…국제사회에 항변
세계,2010년대 그린란드 얼음 손실량 1990년대의 7배 이상
IT과학,IBS 천진우 나노의학연구단장팀
세계,사우디 빈살만 정부 칼튼 호텔 억류 3명 석방
경제,중러 원자로 건설 2조원 계약 맺는다
IT과학,인스타그램 월사용자 8억명 돌파…5개월만에 1억명↑
경제,임대차법 시행 3개월동안 서울 전셋값 7.5% 뛰었다
경제,1보 코스피 1.7% 급락 출발…2030선도 붕괴
세계,美CIA 前요원 거액 받고 中당국에 기밀 넘겨…첩보망 와해
IT과학,고객군 소비성향 정보 8천만원에 팔려…출범 한달 데이터거래소
세계,日보수파 왕위 부계계승 고수 안간힘…옛 왕족男 복귀시키자
세계,IS공습중단 공약 탓…캐나다 연합국 국방장관회의 제외논란
경제,신영와코루 작년 영업익 7억5천만원…87.4% 감소
세계,베트남 국가지도부 빅4 중 3명 교체될 듯…서기장 연임 전망
세계,사기 vs 시세조종…미 증권당국 니콜라는 사기 주장 조사개시
세계,오바마 트럼프·트럼프 유세 방해자 모두 비판
세계,세련된 힐러리 싫어…샌더스에 열광하는 젊은 민주당원들
스포츠,한전배구단 수원 잔류는 균형발전 외면 광주서 각계 비판성명
IT과학,청국장 성분이 알레르기 막는 과정 찾아
경제,그래픽 국내 개인투자자 해외주식 결제액
IT과학,KT 데이터 로밍 종량 요금 87% 인하…하루 상한 1만1천원
경제,2018년 이후 대출없이 서울 9억이상 주택 산 현금부자 8천877명
경제,그래픽 10대 그룹 시가총액 증감
IT과학,샤오미 미10라이트 5G KT 직영매장서 AS 받는다
경제,교보증권 아비코전자 높아지는 실적 성장성
경제,개포 디에이치 아너힐스 계약 4일 만에 완판
스포츠,레스터시티 우승 기여 우조아 이젠 내보내 달라
스포츠,프로축구 성남 포항서 뛴 브라질 미드필더 무랄랴 영입
세계,IBS이탈리아 핵물리연구소 우주비밀 규명 물리학 연구 협력
스포츠,NC 강윤구 공 9개로 3탈삼진…역대 6번째 진기록
스포츠,아시안게임 운명의 축구 한일 결승전…상기해야 할 20...
IT과학,KIRD 과학자국민 소통 온라인포럼개최…AI등 최신기술 강연
경제,우진플라임 267억 규모 사출성형기 판매 계약
세계,이념 상극 소로스코크 미 외교혁신 싱크탱크 공동 설립
스포츠,월드컵 흥민아 한골만 멕시코전 앞둔 광화문 8천...
경제,증권가 금통위 소수의견 2명…연내 금리인하 가능성종합
세계,인도 모디 총리 천민 공격 중단 호소…힌두 강경파 거리 두기
스포츠,정조국 결승골 강원 서울 꺾고 2연승 질주종합
세계,독일 경제장관 연단에서 꽈당…잠시 의식 잃어
경제,신보하나은행 일시적 경영위기 중소기업 공동지원
경제,5대 은행 전세대출 지난해 80조 돌파…증가세는 둔화
IT과학,명태 양식기술 등 올해 수산분야 연구성과 선정
경제,5월 가계대출 금리 역대 최저…고작 0%대 이자 예금은 최대
경제,한은 금융안정상황 자료 공개 취소…금융 불확실성 커
IT과학,모발 재생에 림프모세관 깊숙이 관여
세계,소재 불명 다빈치 살바토르 문디 사우디 왕세자 요트에 있다
IT과학,김재민 네이버 음성합성 리더
경제,3월 카드이용액 4.3%↓…코로나19에 역대 최대폭 감소
IT과학,카카오톡 이모티콘 인지도·차별성이 구매 욕구 자극
IT과학,게시판 유니티 코리아 킨텍스 VR서밋서 VR콘텐츠 선보여
경제,신인석 금통위원 물가상승률 확대 확인해야…금리동결 시사
스포츠,KIA 최근 10승 중 9승이 역전승…8회 이후 뒤집기승...
경제,기업의 꿈에 가치 매겨야…한투증권 주가꿈비율PDR 개발
경제,도시바 PC사업 타사와 통합 안하고 당분간 유지
스포츠,프로농구 kt 새 외국인 선수 스테판 무디 영입
경제,코스피 2640대 상승 출발
세계,엘리베이터에 25분이나 갇힌 교황…삼종기도회 지각 참석종합
IT과학,세포 속 폐기물 처리과정 오토파지 조절신호 규명
세계,中완다그룹 美진출작 시카고 완다 비스타 초고가 분양 개시
경제,펀드 투자자 3명 중 1명은 판매직원 권유로 투자
경제,신혼부부에 올인 괜찮나…신혼희망타운에 자리 내준 공공분양
IT과학,KIST 오우택 박사 심장 혈압 감지센서 발견…고혈압 이해·치료제개발 기여 기대
세계,트럼프 월가와의 친분 과시에 월가는 글쎄…
스포츠,리오넬 메시 내가 대표팀 좌지우지 말도 안 돼
세계,트럼프의 反이민 백약이 무효…지난달 월경 기도 10만명 넘어종합
경제,LG화학 품에 안긴 팜한농 닻 올렸다
세계,中 SNS 대화방서 비료량 적다 불평한 농민 구류
경제,게시판 현대페이 암호화폐 지갑 카세 할인행사
세계,日 中해경선 센카쿠 일본 영해 침범…총리관저 대책실 설치
경제,중기부 중소벤처기업에 자금 3천506억원 조달 지원
