text,label
개재미없다. 감독의 연출력의 한계,0
이제서야 보게된 대 명작 연출미가 정말 훌륭하다!!!!!!!!,1
귀여운 캐릭터들도 많이 나와서 보러 가야 겠어요..,1
TV시리즈가 너무재밌어서 영화는 기대안하고 봤는데 역시....최고네요,1
시작은 니시지마 때문에 봤는데 나름 괜찮은 영화 봤다고 생각합니다..,1
첫번째 에피소드 정말.... 엄청난소름,1
미국 경찰은 아무나 못해먹겠네 ㄷㄷ,1
"발생시기는 2011년초, 최초발생장소는 센다이로 재앙의 내용만 다르지 정확한 예언",1
헐리웃에서 사지절단하면 추앙받고 한국에서 사지절단하면 욕먹고.ㅋㅋ 잘돌아간다.,0
"덴젤 워싱턴, 에단 호크.. 더이상 말이 필요없지!!",1
"공포,고어물이 평점이원래낮아서..근데 이영화는 진짜 머하나볼께없다.지루함.",0
머야 이거 센과 치히로 보다 재밋네?,1
마지막을 위한 영화 걍 줄거리 파악 말구 일단 강추아닥 걍 봐 ㅋㅋㅋ,1
진~~~~~~~~~~짜 재.미.없.다!!!!!! 완전 지루하고 잠온다.4시간처럼 느껴졌음,0
어디 비교 할 게 없어서 명작 파고랑 비교해. 그저 아류 짝퉁이구만.,0
돈 아깝다 보지마시라 저질 미국 영화임,0
아 진심 이런 뭔내용인지이해하나도안감 아 기분만찜찜해,0
"영화의 흐름을 방해하는 과도한 그래픽, 워쇼스키의 또다른 모험수,",0
언제쯤 세상을 위해 이들이 없어질까,1
폭력배한테 맞을때 진짜처럼 당하던데.,1
조으다ㅠㅠ 완전 좋습니다 ㅠㅠㅠ,1
아.. 책은 정말 재밌는데 어쩜.. 영화를 이렇게 허접하게 만들었는지.. 원작이 너무 아까움... 그나마 제이스와 클라리역을 맡은 연기자들 외모가 좋아서 다행..,0
은근잼잇는영화에요~헤어진연인들이보기좋겟네요ㅎ,1
이게 2014년 작품이란게 놀랄 따름이다. 20년 전에 나왔다고 해도 전혀 의심하지 않을 cg. 견자단이랑 주윤발은 왜 이런 영화에 나왔는지,0
님들 정말 이게 재밌어요? 내가 제임스 맥어보이 팬이라 꾹 참고 빠른재생으로 봤는데 이건 진짜 아니죠! 개연성도 부족하고 다들 눈 삐었어요?,0
첨엔 리얼 비슷하게 가다 판타지로 가는...,1
쉿! 아무말도 하지마세요..,0
이런 영화에 별점은 영화에 대한 예의가 아니다,1
이 영화만큼 아름다운 노을을 못봤다..,1
"역시 영화는 배우, 연기보다 일단 시나리오가 좋아야 된다",0
이런건 tv특선으로 내주면 그냥그럴것같은데 영화로냄ㅋㅋㅋㅋㅋ,0
여주인공캐스팅에돈 다써버린영화; 내가본뱀파이어중제일약하고 허접한 뱀파이어,0
글쎄... 그다지 스릴도 없고 엉성하다.. 영화를 만들다가 그만둔 느낌이랄까...,0
미치도록 얘쁘고 또 얘쁘고 예쁜 탕웨이OST도 추억의 팝송 너무 좋고남자배우도 매력 짱!!!!탕웨이가 웨딩드래스 입었을 때는 할말을 잃었음,1
너무 멋있는 사랑이었다. 감동 ..,1
명작..ㅋㅋㅋㅋㅋ진짜 이건 명작이다.!!,1
그걸 보느니 7광구가 더재미있다,0
그냥 걷기만 하는데도 전혀 지루하지 않던데..풍경도 멋있고..,1
사람을 죽이는 건 좀 아니었지만. 재밌었다.,1
아ㅠ진짜 이번시즌도 기대를져버리지 않네요ㅠㅠ몇몇 등장인물들이 조금 아쉽긴하지만..한박사님과 강형사님만 바뀌지 않는다면 롱런할수있겠다는 생각이 드네요ㅎㅎㅎ,1
"[ 스토리 4, 비주얼 4, 연출 4, 연기 4 ] 상투적이고 손발이 오그라든다. 허준호의 연기만 인상적.",0
할머님의 전쟁하지마 바보들아!! 라는 피눈물 맺힌 외침이 그 바보들에게 와닿기를,1
아니 개그맨들 더OO킬빠에는 그냥 더빙안하고 자막으로 개봉해 뭐하면 지네들 유행어나 말하고 쯧쯧이러니 우리나라 더빙하시는분이 설자리가 없지 애니메이션 채널보면 그냥 등장인물들 다 목소리가 같다?,0
책까지 사서 본 유일한 드라마,1
드라마의 여운이 아직도 가시질않네요..,1
이건돈많은중국대학생들이만들었나봐요,0
영화보면서 호랑이가 부러웠다.,1
잘봤습니다. 재미와 감동 어느것 하나 놓치치않은 감독님 짱!!배우들도 유명하진 않지만 연기력은 손색없어 더 편하게 빠져들수있었어요 앞으로도 좋은작품으로 자주봴수있길바래요 더많은 상영관도 아자~^^,1
기대를 저버리지 않는군요 ㅎㅎ 잘봤습니다,1
최고~!! 이 드라마로 이문식씨 팬 됐습니다^^,1
애국심과 개인적 사정으로 국가대표에 매진할 수 밖에 없는 등장인물들의 특성을 잘 살렸으며 감동적이였다.,1
좋다. 치장없이 별것없이 날것그대로 긴장을 만들어냈다.마지막 삐그덕소리와 주인공의 놓지 못한 두려운 눈빛은 본인의 오해에 대한 모든 의미를 담고있는듯 싶었다.여주 짱나서 마이너스 1점,1
희생과 구원의 의지가 함축되어 있는듯한 마지막 시퀀스까지..,1
"참으로 전개도 엉망이고, 당위성도 결여되고, 스토리도 엉터리인 4류, 5류 영화",0
결말이 뻔다하. 하지만 그 결말을 알면서도 긴장감은 줄어들지않았다.,1
킬링타임용. 아.. 근데 난 킬링타임이라는거 자체가 내 인생에서 너무 아깝네요.. ㅠ킬링타임용 영화가 많긴 하지만.. 이 영화는 참...전 그냥 트레이시 몸매나 감상하고 있었습니다 ㅡㅡㅋ,0
미셸 파이퍼 너무 매력적이나 그냥 진부한 로맨스물. 나와는 안 맞는 코드,0
우리가 외면하고있던면을 다시 돌이켜보고 현재 가진것에 감사할수있게해준 영화였습니다,1
"일본, 미국 애니보다가 이거 보니... 진짜 무슨 장난같다 ;;",0
지루하고 엉망진창이다. 걍 포티아라는 매력적인 여배우를 발견한걸로 만족하련다,0
기대->몰입->지루->황당->체념,0
좋은데요 재밌게봤음 근데평점약함,1
"참나...고전소설읽는줄알았다. 박찬욱꺼 평점보고 기대하면서봤지만 억지로 광기를 표현하질않나, 사람고기만두는무서운이야기로 많아 등장하는거고 일본거는 그게 영화냐. 뭐 암시하는것도없다",0
나에게는 아직까지는 쓰레기일뿐.,0
흠.... 피터팬의 공식을 한번 더 보게 만드는군,0
이런 영화를 drop한 너에게 respect !,0
"진짜 1,2편은 언제봐도 안질려요 대박",1
아이들 바라본 성인. 우리가 우리 이웃들이... 가슴 찡하네요~,1
아무 재미없는 유치한 삼류 코미디. 찾아보는 것은 시간 낭비임,0
샘해밍턴이오늘등반암벽하는거보고 또한번느낀점..적어도 남들과똑같이돈받고 하는거면 남들반만큼이라도할람 살은어느정도빼야지계속처먹어대서주체못하는몸둥이로매번포기하고남들의욕까지상실시키는거꼴뵈기싫다 할라는의지가안보임 날로외화벌어가려하는듯,0
0점 주고 가야 하는데...,0
어긋난 빈센트 만큼이나 어긋난 현채와 동하의 뒷수습식 사랑얘기,0
뻔한 스토리에 뻔한 연출.. 인디아나 존스의 아류작..,0
"처음 접한 인도영화였는데 재미있었어요. 음악과 영상이 아주 아름다웠고 스토리도 괜찮았던 듯. 좀 슬픕니다. 몇몇 연기 못하는 배우도 있었지만, 남주인공이 꽤 멋있고 연기도 참 좋았습니다. 여주인공도 정말 사랑스럽고 예뻤던 기억이.. 룩스미도 아주 미인",1
한마디로 여자꼬셔서 잠자는 영화임 저질 삼유 영화임,0
감성적 따뜻함. 희망적. 기적소망. 훈훈.,1
엄청 재밌다 ㅋㅋㅋㅋㅋ 내 수준인가,1
전체적인일관성은높이평가되지않지장면하나하나와즐거운장면과요소가많아즐겁게봤다굳,1
"이런 객관적, 시사적, 교훈적인 영화가 5/29일 현재 전국 5개 개봉관에서만 상영중... 그리고 관람객평점(9.57)과 네티즌평점(8.40) 사이의 불균형 = 수꼴알바들의 지대한 공헌; 바로 이게 막장으로 치닫는 대한민국의 현주소!!!",1
마음이의 연기 잘봤습니다. 영화제작의 노력은 보였으나 충분하지는 못한거 같네요. 개인적으로 성동일 팬이라 엔딩곡까지 끝까지 보았는데 저같은 팬을 꼬드긴(?)거면 어느정도 성공하셨다해도 무방합니다..,1
"얘네들, 이런거 찍으려고 연기 배운건 아니였을 텐데",0
근데 장첸이 대체 어디나오는데요 ㅋㅋㅋㅋㅋㅋㅋㅋㅋㅋㅋㅋㅋㅋㅋ?? 저만 못찾음??,0
감동적이게 보고왔습니다. 따뜻한 영화가 생각난다면 이게 딱 조하,1
어렸을때 재미있게 봤던 향수에 취해 오랜만에 다시 봤지만1995년에 만들어진 영화치고 지금 봐도 재미있는 명작 영화다.,1
36대0 제우스중박살이라니;;,1
난 별로 재미없었다. 아이리스가 조디포스터 라는게 최고의 반전 ㅋㅋ,0
보는동안 행복했던 드라마 ^^모든 등장인물이 사랑스러웠던..너무 빨리 끝나서 아쉬워요 ㅜㅜ,1
이것이 영화의 존재의미이다.,1
유튜브로 명장면으로 알고있는 장면중하나인 연설 연상을 봤는데..시대를 앞서간 장면이었음..현재 시대에 너무 잘 어울리는 연설이어서 이게 40년도당시 만들어졌던 원작이 맞나 생각할정도..시간있으면 풀버전으로 봐야되겠다.,1
"이쁜 우에노주리, 식상한 스토리, 하지만 즐길만함 음악좋음",0
옛날코미디영화가 훨씬재밌다 연기도 그렇고,1
~하는 영화. ~인 영화. 라고덧글단놈들 다 알바네ㅡㅡ,0
좀그러네 사는데 열심히좀살생각을해야지...,1
미안하지만 나로선 이해할 수 없는 영화다. 잠만잤다.,0
재미없다.거지같다느니 1점준놈중 한국영화는 10점주는 M창,0
이 영화가 명작이라는 것에 대해 나는 절대 동의 못함.,0
뭉클했던 기억이.. 여운이 많이남는 영화.,1
알바쓴거 티난다 ..... 막장영화네,0
이게 왜 10점이 아닌지 모르겠다. 그음악...머리에 되뇌인다.,1
어색한 연기와 어색한 진행.. 그것까지도 사랑스럽게만드는 매력 ^^,1
흐릿한 흑백 스크린을 통해 느껴지는 인물들의 강렬한 열기와 끈적거리는 땀방울....,1
뜬금없는 대사 일본어식 어투 이런 건 왜 만드는지 만드는 이도 모르나? 이상한 걸?,0
"역사와 정치를 날카롭게 통찰하며 정통사극에 대한 갈증 해소, 주조연 가릴 것 없는 훌륭한 배우들 그중에서도 인간미와 카리스마를 넘나드는 유동근의 연기는 가히 압권이자 감동과 전율 그 자체. 기억에 남는 것이 아니라 가슴으로 남게 될 역대급 걸작의 탄생",1
신사동 영동극장.. 아 그립다. 지금도 마지막 삼판이 제니를 따라가던 그 길에 흐르던 음악을 가끔 읊조리는데...,1
말이필요없는영화 발상이돋보이는영화,1
참 좋은영화다. 느낀점 뿐만 아니라 라이언빙햄 매력있네,1
"처음으로 뒤를 돌아본 채플린,, 잔인하게 아름다운 영화,,",1
제목보니 겨울왕국 인기에 편승하려는 수작이 보이는구나. 원제는 전혀 다르구만 ㅉㅉ,0
2007년 상반기 최고의 가족영화라고 생각해요~,1
이런 영화!! 아주 충격적이고 없어져야할 영화!!! 작가의 패륜적 상상이 궁금???,0
평점 0점은 왜 안 되는거임?,0
왠만해선 다 보는데...보다보다 포기한 영화/여주인공 안문숙 닮았어,0
왕가위 대단하다2009.04.04,1
바스코는 그냥 장르자체가 틀렷다고봄. 쇼미더머니는 힙합을하는데지 락을하는데가 아니란말야. 그러면서 자기가 뭔 힙합만한데,0
"관우의 용맹함과 의로움을 나타낼 수 있는 부분이였으나.. 어설픈 러브라인이 망쳤고, 영화 한편으로 만들기엔 내용이 너무 짧다.",0
감독판을 보면 레전드급이라는 것을 알 수있다.,1
우리 친형이 전화왔었던기억이 정말 최고의 명작,1
성룡 앞에 1컷 뒤에 2컷 나오는게 다다. 이걸 영화라고... 포스터 보면 성룡 주연인데,0
이게 뭐지??...영화맞음??,0
"평점 높게 준 새끼들은 중2병 새끼들인가? 메세지도 모호하고 스토리도 중구난방인 이런 영화보고 8, 9점을 주다니 ㅋㅋ 평점 높게 준 새끼들 파이트 클럽이나 아메리칸 뷰티 같은 영화보고 이 영화 다시봐라 이따위 영화에 평점 높게준 자신이 부끄러질거다ㅋ",0
정말 ... 내눈이 잘못됬나? 잘못본거겠지 하며 눈을 의심케 하는 cg 당황 스럽네요...정말 어떻게 이럴수 있지,0
그냥 최악이다...그냥..최악..구역질나게 쉣이다...,0
응? 이게 뭐하자는 시나리온지요,0
태민이는 더빙까지 잘해요~ 영화 내용도 재미있고 영상도 예뻤어요 코알라 쟈니와 미란다 귀여워~,1
진짜 러닝타임 140분동안 긴장을 한시도 늦추지 못하고 본영화....ㄷㄷ,1
"1편에서 높이 올라갔다가, 갑자기 곤두박질 치니까 적응이 안된다",0
양xx은 눈도 낮은데 왜 결혼을 못 할까.,0
훈훈한가족드라마!!보는내내즐거워요~미소한가득♥,1
오프닝부터 엔딩까지 참 잘보았습니다ㅠㅠ 레이첼 맥아담스 너무 이쁩니다ㅠㅠㅠ 당분간 여운이 좀 갈듯하네요~ㅎ,1
진짜 오유분들..ㅠㅠ 자제좀 해주세요....,1
감명 깊을 듯도 했으나 뭔가가 부족했던 영화...머피 연기력은 최고ㅋㅋ,1
말이필요없네요. 연기 내용 연출 흠잡을데 없음,1
차분하게 스토리 따라가면 다 이해되는 영화.,1
생각없이 그냥 봤는데~~잼났어요~~ㅋ,1
안보면 안봤지 한번 본사람 드물듯...영화를 사랑하는입장에서 이영화는 정말 멋있고 여운이 진하게 남는영화..,1
생각보다 약하다. 그나마 액션은 좀 신경쓰려 한것 같으나 주인공이 너무 대역쓴 티가 많이 나서 감흥이 떨어진다.,0
적당한 점수 - 시간아깝다/ 아까운 내 인생,0
아직도 생각납니다.. 꼬맹이 적에 봤었는데도 문득 문득 그리워집니다..,1
아무리 B급이지만..킬링용으로도 아깝다...ㅠㅠ,0
내가 본 영화 중 최악개억지스토리 임창정 어색한 사투리 어이없는 반전같지도않은반전 걍 ...더이상할말도없다,0
이영화가왜그렇게대박났는지이해불가라평점조절차원에서,0
미국imdb평점 9점에 빛나는 명작,1
내가 뭘본거지? 으악! 최악의영화!,0
보는 내내 불쾌한 느낌을 지울 수 없었다.,0
한번보기 시작하면 절대 멈출수가 없다 그 정도로 긴장감이 넘치는 영화,1
그러하다 창문은 탈출구가 아니다,0
끝까지못봐서아쉬웠지만앞부분은정말좋았음ㅋ,1
유치하지만 나름 재미있었어요~ 예상치 못한 반전 뜨아~ㅋㅋ,1
진짜 한번을 안하네 한번을. 마지막엔 걍 끝나고,0
시간아까움. 공포영화판의 질을 떨어뜨린다. 혹시 시간버리고 싶으신다면 강추.,0
"시즌1은 너무 졸속으로 진행한 흔적이 보인다 백청강,셰인,이태권 잊혀진다",0
노땅들이 좋아할 영화네요 ㅋㅋ,0
이 영화만큼은 마지막 장면을 볼때마다 살이 떨려..하우어성은 이 영화에 인생을 다 털어넣은 듯. 이 이후로는 뚜렷한게 없네,1
강추다 다니엘헤니넘멋쮜게나오는군욧ㅁ,1
3은 언제 나오죠 몇년이 지났는데,1
지금 새벽1시 엠비씨에게 저주를 퍼붓는다 호불호가 갈리는 영화는 하나다 알바 vs 진짜 영화본사람,0
시종일관 긴장의 끈을 놓지 않으면서도 탄탄한 스토리가 받혀준 웰메이드영화! 개인적으로 김윤석 출연작 중 가장 돋보이는 연기력이라 생각 듦. 장준환감독님 영화 좀 자주 찍어주세요..,1
너무하네 영화 초기 평점알바들;;,0
클론에게 심어진 인공적인 기억이 잔잔하게 가슴을 후벼파는영화... 진짜 기억이 아니라 조작된 기억을 믿고 살아오다가 그것이 조작이었음을 알게 된 가짜 샘벨이 느끼는 공허함이 무엇보다도 와닿았던 영화,1
몇몇 탁월한 이미지와 웅장한 음악. 단지 그것뿐,0
분쟁과 마음의 벽의 관계를 드라마적으로 잘 풀어낸 것 같다. 레몬주스 먹고 싶다.,1
개봉 당시 흥행 대실패 했음. 개봉하자 마자 3류극장으로 직행.. 내용도 지루하고,0
신인감독답지않은 영화! 재밌게봤습니다.,1
배경음악 음산한 영상. 공포영화 지존급 벌레소리와 벌레떼 ㅋㅋ다시 보고 싶다.,1
뭔소리 하려는 건지 당최 모르겠음 다운받아봐도 돈아까울 영화,0
This is an unconvincing C movie. This movie does not know what it is..,0
보는 내내 지루하다가. 막판 썩창때매 놀랫다 ㅡㅡ 구더기 우왕 ㅋ굳ㅋ,0
절대 후회안합니다 저는ㅋㅋㅋㅋㅋ,1
람보는 1편이 진리. 2편부턴 걍 상업성을 목적으로 만든 액션 아류작이라고 보면된다,0
깜깜한 터널속의 약간은 은은한 조명등을 받으면서 느끼는 아늑함이 다가왔다.,1
짐캐리가 아니면 99%모자르는영화,1
블록버스터와 같은 상업영화 속에 우리의 영혼을 일깨워줄 작품성 있는 영화가 오랜만에 등장. 상업영화 속에 묻혀버리지는 않을지 안타깝다. 개봉관이 너무 적네요.,1
정말....말이 없게 만드는 영화. 영화의 어디서부터 설계가 잘못된것인가.,0
너무재밌음 갠적으로 최사보다더,1
공포가 6.0넘길래 혹시나해서봤는데시간아깝다 그냥 드라마보다 못한듯하다공포도 아니고 다큐도아니고 완전어정쩡;;영화라는게 안믿긴다,0
생각보다 좋았던 영화..^^,1
제 취향은 아닌듯... 그냥 그저그런 음식영화?,0
아빠라는 사람 초 답답;;;;;;;;;;;;;;;;,0
반전만 좋으면 영화가 구제되는가? 난 아니라고 본다..,0
코엘료사마의 원작을 훼손하였어.,0
꺄악 빈 디젤 멋있어ㅋㅋㅋ 영화 진짜 최고!,1
평가를 할려면 공정하게 해야죠 원작하고 비교만 하니까 영화가 까이는군요 원작없이 그데로 영화를 평가한다면 실패작은 아니죠 워낙 왕조현과 장국영의 그늘이 커서 그렇지 유역비와 여소군 고천락 연기 그럭저럭 봐줄만 합니다.유역비 미모역시 딸리지않아요,1
시리즈중 가장 파워풀한 액션신을 담고있습니다..,1
선택에 대해 진지하게 생각을 하게 해준 영화!만약 사람이 시간을 거슬러 갈수 있었더라면 내 돈과 내 시간을 낭비하지 않았을 것이다. 평점 1점도 아까운 영화,0
별5개 10점만점~!!!! 하루찡 시즈쿠찡 둘다 너무 귀여웡 ♥♥♥♥♥♥,1
3일동안 정주행했는데 노래도 좋고 짱이엿음ㅠㅠㅠ,1
책과는 분명히 다른시선. 괜찮네요,1
"스플래쉬나,아폴로13의감독 론 하워드가 감독한 분노의역류에는,발가락의때에도,미치지 못한다.당연히 다빈치 코드 씨리즈를 감독할 일도 없었지.감동을 위한 감동,억지감동만이 존재할 뿐이다.졸작은 아닐지라도,아류에 지나지 않음.근본적으로,높이 평가받기 어려움",0
와 진짜 이런거안쓰는데 노잼이다.,0
스토리도 스토리지만 그래픽이 좆쩜;;;,1
왠지모르게 송승헌만 나오면 리모컨에 손이 가는 이유는 뭘까..,0
초호화 종합선물세트는 아류일지라도 언제나 매력적임,1
"말이 적을 뿐, 행동으로 다 보여주는구만 뭐가 어려워 .",0
사실은 이 영화 왜 한국에서 개봉인지 이해 못해요. 중국 역사나 문화 잘 모르면 이해하기 좀 어렵네요. 제가 좋아해요. 마음 편하게 만들수 있어서 너무 좋아요~,1
정말 어떤 이야기가 필요 없는 감동을 주는 이야기 ...,1
나 이거 작년에 본거같은데? 왜 지금 개봉?근데 진짜 시리즈중 최악이다.2보고 재밌어서 봤는데,0
일본은 어떻게 이런 절절한 첫사랑을 잘그려내는지...겨울에 러브레터가 떠오른다면 여름엔 이 작품이 무조건 생각날 것 같다,1
모성애에 대한 가장 원초적인 해석,1
쓰레기...정말 연기 개발연기에 내용도 없고,0
배우의연기는 괜찮았는데 스토리가 너무뻔해서 잠이왔네요 결국 졸면서 봤습니다,0
이렇게 작위적인 설정과 대사들로도 영화 만들 수 있구나.. 한국영화계 쯧쯧,0
끼워 맞추기식 뻔한 범죄스릴러,0
우주전쟁1이랑 엄청 다르네 cg도 엉망이고 ㅡ ㅡ,0
Kjy 보고싶다. 너를 알기전 사랑을 몰랐을때 이영화를 봤을때 아무런 느낌이없었는데.. 너가 떠나고 이영화를 다시봤을때. 내 인생 최고의 영화를 네가 선물해 줬다. 고맙다.덕분에 내가 더 성숙해 졌고 너는 내 기억속에서 평생 잊을 수 없을 것 같다,1
다케우치 유코에 반에서 나오는건 다 찾아봤네여,1
일본이라는 부정적인시선만 뺀다면 정말 좋은 영화,1
이거 꿀잼이었는데 평점이 없네?,1
저런애들이 할바엔 내가하겠다,0
잼나게 보셨다는 분들은 감성이 저보다 백만배 뛰어나신듯?,0
그리고 전 영화를 사랑하게 되었습니다.,1
음악들이 다 너무 좋고 내용도 제 취향이여서 너무 맘에들어요♥,1
스크린으로 옮겨놓은 인공적인 테마파크.,0
갑자기 정유미는 어디로 증발한것인가?,0
You're Gonna Be The One That Saves Me,1
진실이 밝혀졌다면..답답함이 사라졌을텐데.그러면 재미 없는 영화였겠지,1
이런 쓰레기를 보느니 그시간에 잠을 자는게 낫다. 정말 어이없는 영화,0
아마도 내가 본 시걸의 마지막영화가 될것같다,0
130분이 길게느껴지지않는 최고의 액션스릴러,1
가벼운 로맨틱 코메디. 프렌치 키스처럼 깊이는 없다.,0
"멋지다, 전설이 된 더뱅뱅클럽에 무한한 오마쥬를 던진다~ 영원하라~!!",1
이영화 무삭제판에서 하지원이 잠깐나오는데...주의하셔서 보신분 계시나요 ?,1
공포에서 SF로 넘어갔네.. 그래도 재밌던데? 딴 분들 뭘 더 바라는거요?,1
말이 필요없음 최고임ㅋㅋㅋㅋ,1
이거 1편을 안 보고 제시카 알바때문에 본 영환데 대체 무슨 내용인가요 이거...시작은 엄청 장황했는데 허무해,0
차라리 세일러문 극장판이나 나오지ㅜㅜ지루함.. 중간에 나와버림..,0
좀비와 통닭의 어설픈 한국식 조화ㅋ,0
전작보단 재미없었던건 인정하는데 7점대는 좀 아닌것같다 한 8점대가 적당하지,1
지루하다 그 한니발이 맞나?,0
똥인지 오줌인지 꼭 찍어 먹어봐야 알수 있는건 아니지말입니다...,0
이걸 본다고? 걍 화장실가서 볼일보고 그거 멍하니 쳐다보는게 더이득,0
네이버 평점 역시 가끔은 무시할필요가....,1
범죄를 저지른 여자의 성공스토리 무엇을 전달하기위한 영화인지 이해 불가,0
사랑이라고 부르면 사랑일테지~,0
진짜재밋세봣지 기존엑스맨보다 훨재밋어,1
솔직히 식상하고 요새 게스트빨로 할려고하는데 뜨거운 물 붓기일뿐더러 유치하다.. 대프로젝트가 개발돼야되 대책이 필요함 진짜,0
마운틴을 보고.. 너무기대를했나?? 난 별로다..,0
개연성에 있어서 상당히 불친절한 영화지만 이야기를 풀어나가는 데에 있어서 상당한 흡입력을 가지고있어서 몰입하고봤다. 상당히 독특하고 흥미진진함 .. 더불어 신비로운 OST도 꽤 인상깊었다. 마치 더 씽의 신비로운 버전이랄까. 간만에 수작 SF를 봤다.,1
사상 최악의 쓰레기 중 하나.스토리 재미없고 배우 연기도 엉망이고케릭터성도 없고 긴장감도 없고컴퓨터 그래픽도 어색하고영화재목은 미이라인데 정작 움직이는 미라는 하나뿐이고이거 보고 10년전에 만든 쥬라기공원 봤는데 더 재미있더라,0
공포와 코메디를 어정쩡 하게 결합... 결과는 비극적이었다.,0
장미정사건이 놀라운게 아니고 한국외교부의 대처가 정말 놀라웠다. 예전에 추적60분이나 그것이 알고싶다를 통해 알고있던 사건이지만 한국 대사관의 문제는 하루이틀일이 아니다. 물론 한국이 외국에서 힘이없는건 알지만 노력자체가 없다는건 정말 한심한 일이다,1
이 영화가 왜 죽기전에 봐야할 영화100선에 빠져있는지 의심스럽다,1
"아니 이건 뭐지 ㅋㅋ 그당시에는 파격적일 수는 있었겠네. 쌈마이 느낌 물씬 나는 C급 다큐멘터리 영화. 여러 에피소드가 있는데 이문식, 안내상, 송강호의 발견은 신기. 근데 주연 맡았던 애들은 전부 진짜 양아치 일반인임?",0
학교에서 봤는데 점말감동받았다이겼을때정말좋았당~~^^,1
최악의 영화 아 미친 골초 영화임,0
일본의 경제력.독일의 기술력에 맞서 싸우는 미국 형사..,1
ㅋㅋㅋㅋㅋㅋㅋㅋㅋㅋㅋㅋ네이버 평점도 믿을수있데 ㅋㅋㅋ,0
모크슈라 .. 정말 마음이 아프네요,1
잡스의 일생에 잘 알았던 사람들에게는 시시할 수 있겠지만 난 잡스를 잘 몰랐는데 굉장히 잘 봤다. 자신의 신념을 믿고 세상을 변화시키는 것. 이 영화에서 말하고 싶었던 것 아닐까?,1
레슬리 닐슨 패러디영화들 중 단연 최고,1
제 때 봤어야 할 것을 십수년이 지난 지금에서야 보게되었다는게.....,1
놀란빠들 왜캐많냐ㅡㅡ 재미를 떠나서 기분 더러워지는 영화,0
이미군대면서군대가아니라고우기는웃긴영화.미국영활그대로배낀.,0
지루하다.....재미없다....40분 견뎠으면 마니 견뎌낸거 같다 절대 보지마라,0
내역시 평점 이럴줄알았다 ... 좀아닌듯 이건 ...진짜,0
이 영화는 개쩌는 영화니까 그렇게 알고 걍 보면 된다 알았냐?,1
감동재미?좋은영화?여배우도?이뻐~,1
이영화는 광신도들에 의해 평점이 조작되고 있다.,1
어리지만 대처를 잘하는것같음 부모도 우리나라랑은 다르게 열린사고 인것같고 연기도 다들잘하고 재밋음,1
이런 영화를 웃으며 봤던 사람이 법원의 솜망방이 처벌을 비판할수 있는 자격이 있을까. 코미디 영화 라는데 보면 볼수록 피가 꺼꾸로 솟는 요상한 영화. 애들 삥이나 뜻고 다니는 양아치새퀴들은 보고 재밌게 느낄수도 있겠지만 ... 범죄미화 역겹다.,0
"문소리의 연기, 촬영이 정말 좋았다!",1
오랜만에 봤는대 이건 뭔가요 이거 몇부작이길래 이리 빙빙돌리시건지 적당히좀 하시져 끝물에 넘 이미지 않조아졌어요,0
스릴이나 몰입도는 봐줄만 한데 대원들을 동물 이름으로 부른다거나 너무 극적인 요소로 봉합하는 느낌.. 유치하기 짝이 없었음,0
이거 극장에서 봤었는데ㅡㅡ 정말 뛰쳐나오고 싶었다,0
가와바타야스나리- 眠れる美女,0
고뇌하는 영웅의 모습을 보여준다.. 하지만 여전히 멋지고 놀라운 아이언맨!,1
졸립다.첫 에피소드 끝날때 필름 끊어지는 사고난줄 알았다.,0
영화정말 잘 만들었네요.개인적으로6학년담임이 쓰레기네,1
만들지 말았어야 할 영화 중 하나,0
연기연습하냐? 어이가없어서 ...,0
남녀노소 모두를 충족시킬수 있는 영화. 픽사는 역시 최고다.,1
정말 극장에서 ...숨막히게 멋지게 본기억... 그후 티비로 다섯번더봄 빈디젤 역시..,1
별 하나도 아깝다.. 원작에서는 마지막 결말이 너무 급하게 난듯 한거 외엔 참 재미있었는데.. 이건 뭐냐..차라리 원작을 보기를,0
V와 더블어 유년기때 본 잊지못할 드라마!,1
지금 보면 손발 오그라드는 장면이 많지만 그 당시 순수했던 시절에서나 나올 수 있는 거다. 빼어난 주제가만으로도 이 영화의 가치가 있다.,1
그것을 만들면 그가 올것이다. 멋지네요~ 큰재미가 아닌 큰감동이 있었어요~ㅜ,1
말이 필요없다. 저 당시 두얼굴의 사나이 헐크의 충격은 쇼킹 그 자체였으니~,1
그당시 아주 새로운 시도였지. 6이뭐냐,1
파라노말 시리즈 중 가장 명작. 쉴새없이 놀람ㄷㄷㄷ 하지만 여전히 초반은 지루함. 지루함을 견뎌내면 롤러코스터 시작,1
음악이 정말 인기를 끌었던영화,1
보조금에 대한 안좋은 기사가 있네요..,0
누구나 다 아는 마지막15분을 위해 버린 내 80분,0
"지속적인 살인과 폭력을 보며 사이코패스가 되는 아이의 컨셉은 좋았지만, 전형적인 소재에 공포도 흥미도 없는 영화",0
스타일리쉬 한 영상...하지만 그게 다인 영화,0
원래 원작에서는 두 왕자의 더블불륜에다 라푼젤은 깔려죽는다고 합니다. 이정도면 많이 순화시킨듯하네요. 디지니의 이미지만을 생각하고 보면 뒷통수 맞은 기분이 들겠지만 원작을 알고 본 사람들은 재밌게 볼수 있어요.,1
"스토리,감독,연기 다 꽝이요.ㅎ",0
제발 평론가 별점란좀 없애주길;; 평론가인지 까내림가인지 모르겟다 으휴,1
"개인적으로 노숙자가 잡히고 뉴스데스크에 경비아저씨가 인터뷰하는 모습을 보고 박장대소를 하며 웃었습니다. 인상적인 장면은 이성재가 개를 옥상에 던질때 같이 떨어진 쌍안경을 보고 뚱녀가 개보다 쌍안경을 향해 가는 모습을 보며, 저를 반성하게 만들었습니다",1
원래 사람은 타인의 불행을 먹고 사는법 그게 인간세상임,1
너무나 현실적이라 끔찍하다. 왜 핵이 떨어졌는지 무장한 놈들이 누군지 안밝혀졌다고 재미없다고 하는 애들은... 그냥 어벤져스같은거나 봐라. 감독 의도가 뭔지 모르겠나.. 물론 나도 어벤져스 좋아함,1
제발 그만...불편하고 파격적 시도는 그만 멈추고 이젠 좀 깊이있는 것을 원한다 일차원적이고 표면적인 이 감독의 영화는 더이상 볼 필요가 없다,0
장난하는 영화입니다 . 절대 보지마세요,0
지겨워서 보다만.. 티비프로그램 싱글맘의하루 밀착취재 이런거같아..,0
오랜만에 다시봤는데 역시 재밌었다미래에는 이런게 가능할까??라는의문이든다,1
액션/CG..? 이것들도 갖추었지만 영화 한편이 서사적 스토리. (강추),1
짜세들 존나부리네 밑에분들 조양은이 눈앞에잇음 오줌쌀양반들이,0
조폭코미디라는 태생적 한계와 안일한 개그에서 비롯되는 유치찬란함,0
정말 티비에서 해 주기에 찔끔찔끔 봤는데 cg가 개 같은 건 사실 억지 감동 주는 것도 사실 재난을 핑계 삼은 것도 사실 왜이리 평균 평점이 높지?,0
이건 뭔 병맛같은 영화냐...ㅡㅡ 개노잼,0
지구가 예술이다. 소중한 것이 소멸되고 있는 안타까움. 티슈한장 쓰는데도 마음이 걸린다.,1
무엇보다도 발연기가 영화집중하는데 큰 방해요소였다 -_-,0
너무 감동있게 잘봤습니다 :),1
제목이 좀 이상하긴해도 재미있어 -_- 제목은 3점 수준의 네이밍,1
언제 봐도 항상 좋고 질리지도 않고 너무 좋은 ㅠㅠ.. 정말 저런 곳에서 살고 싶다 어렸을 적 꿈이 하울이랑 결혼하는 거였는데..♥ 볼 때 마다 항상 빠지네 하울 너란 남자.,1
후..........................................................................................ㅅㅂ,0
영화의 영상은 그나마 볼만 하지만 내용의 연결면에선 기대에 미치지 못해요,0
평론가평점이 왜낮을지생각해라,0
영화적인 내용보다 인상적인 소소한 시대 모습,1
우리고향 내가 가본곳이 주무대로 나오고 감동 있었습니다. 태안 꽃게다리와 삼길포 마지막씬이 감동임,1
인디아나존스의 선배격 원작에 더 나은 유머와 유쾌함,1
영화는 패기나열정만으로는 아무것도 해결되지 않는다.창작자로써 감독의내공이 딸림.,0
별점 1개 x 0.000000000000000001개짜리 허접무비,0
처음에는 불쾌하지만 나중엔 유쾌하게 풀어낸 정말 잘만든 공들인 영화명작입니다!,1
인생 헛되이살지말고 가족들에게 잘해주고싶다.,1
세상에 대해 좀 더 넓은 시야를 갖게 해주는 영화,1
더빙 진리.. 코다 귀여워 죽겠다..ㅠㅜ***,1
아 진짜ㅋㅋ어처구니 없는 스토리덕에 많이 웃었네요. 사토코이치의 대 활약,1
인간의 욕정은 늙어서 죽어 없어질때까지 사라지지 않는구나.,0
.....고려장 장려 광고인가요?.....자연으로 돌아가라고 산에다가 노인 버리고 오는 스토리....를 만드신건 아닌건 알겠는데 아무리 봐도 인간과 자연의 관계는 어디서 찾아야 할치를 모르겠네요,0
진짜재밋엉요ㅠㅠ 얼떨결에재방을로1회부터보게되었는뎅.. 하루도안빼먹고보고잇어요ㅠㅠ정말짱이에용 이장우도멋잇공 김선아매력에푹빠져듭니다용^^♥,1
내용이 기억이 나지 않아 다시 봤지만 복수라는 단어 하나밖에 남지 않는다. 베베 꼬기만 하고 정작 '재미' 는 놓쳤다,0
1점 이상 주는놈들은 히틀러의 신앙생활을 미화한 영화도 빨놈들이다. 역겨운 선동영화,0
이진씨 화이팅막장이 아니라 좋네요,1
코미디? 하층민들의 애환을 그린 드라마? 복수극? 정체불명의 영화.,0
불가능이란 없는 것. 감동적이네요,1
이걸 영화라고 보고 앉은 내 인생이 한심하다.,0
"가족의 소중함 같은 건 좋은데, 그렇다고 남자에게 꿈과 인생의 희생을 강요하는 건 서글프다.",0
추락하는건 중요하지 않아 문제는 어떻게 착륙하느냐지,1
제시카 알바 나오는 영화는 대체로 재미 없다고 보면 됨~!,0
영화 넘 허접.한국정치보다 못한 5류영화. 원작소설 꼭 보시길..,0
감동은 있지만..가족들의 고통을 알고도 신념을 꺽지않는 저 할아버지 똥고집의영화,0
주연들의연기력 정말좋구요ㅠㅠ 진짜 눈물한바가지ㅜㅠ연공이랑 비슷하니 뻔한스토리지만 그뻔한매력!,1
"홍주가 일영이보다, 치도보다, 우곤이보다, 석현이보다, 아물며 엄마보다 더 똑똑하다.. 그래서 답답했다.",0
This movie is a xhit,0
"""""""""""""""중이 제 머리 못 깎는다""""""""는 설정이구만""""""",0
자신의 사상만을 늘어놓은채 재미는 배제한 고다르 좀 아쉽다,0
몽둥이보안관..실화라니ㅎㅎ 웃기고 잼있다,1
남자 배우 연기는 좋다 남상미 연기는 나쁜건 아니지만 너무 구혜선 연기 같아서 좀..긍정적으로 보는데 출판사 주인도 없는집 들어와서 사진찍고 주인공 괴로워하는데 쫓아다니고..그런데 아버지란사람 말한마디없구..억지스러움이 느껴짐,0
3류배우 이준 3류 시나리오 good!!!!,0
엄청 웃기고 마크 윌버그의 데뷔시절조연,1
재미도 있고 저도 비투스 할아버지 같은분이 있었으면 좋겠어요 ^^,1
영화가 끝나고 엔딩크레딧을 다보긴 처음이다.,1
블랙코미디로는 높은 점수를 주고 싶지만 음악영화로서는 개연성이 많이 아쉽네요,0
보다가 암걸리는 줄 알았다.,0
미국tv용 영화로 제작된걸 감안하더라도 허접하기 짝이 없군,0
ㅋㅋ 다운받아볼려고 했는데.. 짐 티비에서 하넹.ㅋㅋ,1
40대도 반할 만화영화 참고로 우리 아빠도 재밋게 봤음 호호,1
"표현의 자유는 인정하지만, 이걸 예술영화인 양 포장하는 건 인정할 수 없다",0
"삶,죽음,아버지..감당하기힘들고 아름답다.",1
90분동안 너무도 많은 영화들이 스쳐지나간다.,0
이 영화 더빙한 한국성우들이 아깝다 쿵푸팬더 랑 다를게 하나없다 물론 쿵푸팬더가 훨씬 대작이고 퀄리티나 스토리면에서 몇수위다,0
실화 소재의 딜레마를 그대로 답습,0
유치한거좋아해서10점정이건도10점 근데딸은어떻게됐다는거야,1
외로운 사람들 인연이 더욱 따뜻하게 다가왔던..!!,1
중간에 타잔이 된 제임스 본드...,0
왜 빵점을 줄수가 없는거죠??,0
마크다카스코스의 최고 작품.,1
맘마미아 기대하고 보지 마세요~ 그리스 유적이 배경임. 완전 낚임.,0
유쾌한 고발. 해학을 가진 다큐,1
진짜 오글거림ㄷ 포화속으로 보다가 김혜성 귀여워 보여서 이 영화 봤는데 진짜 이 영화 별로임ㄷ 내가 점수 후하게 주는데 이영화는 1점조차 아깝달까?,0
지효누나 저 팬이에요.^^누나가영화찍을때 이때!!!꿰뜷어보는자의능력써서대박날지알아보세요.^^,1
영화와 같이 나의 정신도 산으로 ...................,0
별 하나도 아깝다 이정도 예산이면 어떤 사람들은 더 좋은 영화도 만들던데...,0
"일제 강점기에 사할린으로 강제징용 된 한인의 수는 4만 3천명에 달하며, 이 가운데 상당수는 강제노역 등으로 사망하거나 일본의 패전 이후 사할린에서 생을 마감했다.이걸 만든애들은 지네나라가 우리조상을 얼마나 많이 학살했는지 알리없겠지?",0
원작보다 비밀스럽고 몽환스럽게 ..그러다 감독만의 비밀로....;,0
열씨미 찍었을 스텝들 덕분에 그나마 별하나를 줬네요,0
영화대로라면..미국 뉴욕 뒷골목 하나도 암무서움..쌈질 졸못해..맷집두방맞음감..,0
나는 좋았음공효진 짧은 머리도 잘어울리고,1
소재는 재밌지만 연출이 아쉽다,0
최고의 코미디영화!!ㅋㅋㅋ 웃다가 죽을뻔했다,0
전 그다지... 최근에 봤는데.. 별로더라구요.. 저는 그림자살인 추천합니다!,0
"생활의 발견 패러디 3류 포르노 수준 ㅡ.,ㅡ^",0
인생과 이 모든것에 대한 절대적인 답은 존재하지 않는 다는 것.. 유치해 보일 수도 있겠지만 이 영화는 심오함을 바탕으로 만들어졌다.,1
옳은 방법이라고 생각해온 것이 때로는 아닌거죠.,1
벤과 제니퍼 처럼 재능있는 사람들이 이런 영화에 나오다니,0
한국은 참 돈벌기 쉬워? 더빙 쓰레기같이해도 돈을 주니..아무리 10점짜리 애니를 만들어봐라..더빙 쓰레기같이하면 이 애니처럼 재밌어도 1점이니..,0
쉘위키스보다는 그래도 나은수준...,0
음악이 여운에 남는 느낌있는 영화,1
다크 나이트가 제시한 히어로물의 새로운 해답을 첩보물인 007이 이어받았다.,1
"설익은 성장 드라마.. 이런류의 영화는 일본영화중에 너무많아서 ;; , 왠만한 감성으로 들이대도 통속적으로 느껴진다.",0
이런. . . .ㅅ . . . ㅅ . .,0
차라리 파워레인저가 나을 뻔했지ㅋㅋ,0
왜 이렇게 지루해..스토리라인이 너무 밑밑한거 아니야..,0
남자주인공도 섹시하고..그베프도 핫하고..근데우리엄마보다나이가많네 ㅠ재밌게봤습니당,1
내가 좋아하는 av배우라 ㅋㅋ 10점!,1
10점 밖에 줄수 없는게 안타까움...,1
이해하기 어려웠던... 소설을봐논터라 이해함,1
오페라보다재미없다좀더현실감있게하려고한건알겠는데그냥러브포션등장하는게더재밌어,0
추잡의 추잡을 더하는 영화 1점도 아깝다,0
수호 백현 찬열 디오 카이 세훈 시우민 레이 첸 타오 EXO 모두다 사랑해! 다시 보고 또 봐도 재밋다♡,1
'다만 널 사랑하고 있어'의 감동에 먹칠을 한 쓰레기,0
진심 출연진만 대단할뿐...영화 자체는 쓰레기...내가 이걸 돈주고 다운받아서 봤다니...성룡과 견자단 이름에 속았다...,0
각자 견해의 차이는 있겠지만 난 이런 사랑은 거짓이요 착각이라고 생각한다.,0
2006 언노운 .. 낚였어 .,0
재미 있기는 한데 로완 앳킨슨이 안나오다니!,1
자기 자식 서방 버리고 남새끼는 가엾고 가출해서 중국정복 노리다 OO 미친년의 일대기,0
이런거 보지마요. 정신이 파괴됨. 조금씩 그러다가 진짜 살인할지도...,0
지독하고 거만한 사형수를 위한 눈물이 아깝다,0
불륜의 사랑이 아름답기만 하지는 않지만 시대와 배경의 비장미가 압도적이다.,1
내 옆에 내 사람이 그 어느때 보다 더욱더 사랑스러워 보였다...사랑은 머리가 아닌 가슴으로 하라는..버스떠난뒤에 후회하지 말라는..메세지가 가득 담긴 영화~ost 굿~!,1
"아니 먼 엔딩이 왜이레 애하나 날더만 그뒤로 급엔딩이네,,,, 똥싸다 끈킨기분이 이건가? 와 존나 재밋게보다가 개실망",0
정말 평점 후하게 주는 편인데 스토리며 비쥬얼이며 어느것 하나 시선을 사로잡는것이 하나도 없다.,0
아 먼데 이거 영화라고만든건가 진짜ㅡㅡ스토리도이상하고 보고나면 찝찝하고 진짜 드릅게재미업다. 보지마라 강력반대다,0
짜집기물의 재짜집기영화. 이소룡이 이영화를 봤으면 대통곡 했을듯.,0
너무 기대하고봤는지 오래된 영화여서인지...난 잘 모르겠다...,0
이 좋은 영화를 극장안 5명만 관람하다니 안타깝ㅜㅜ,1
주제의 전달력이 약한 영화는 절대 좋은 점수를 줄 수 없다.,0
극장판 애니메이션중 탑이다.캬~. 초반부터 긴박하게 전개.스토리 끝내준다.크아~.ㅋㅋㅋ,1
"완전 감동적이고 여운이 많이남네요 !! 가족과 함께 볼때마다 눈물이,,,,",1
쓸데없이 꼬고 또 꽈서 별로.. 불필요해 보이는 잔인한 장면도 별로.,0
멍한 눈으로 엔딩크레딧을 바라보았다. 그리고 잠을 이루지 못했다.,1
두번 본 영화. 계속 여운이 남는다,1
자기 엄마랑 침대에서 뒹군 남자를 좋아하는 막장 여자. 아내도 뺏기고 딸도 뺏기는 불쌍하기 그지없는 엘레인의 아버지.,0
나랑코드안맞어..졸려죽는줄 알았네.,0
한동안안봤다가 어떻게됬나봤더니 세상에 ....이 드라마스토리를 허락한 MBC에게 실망이너무크네요 작가가 드라마속에 나오는 최선정이랑 같은 성격일거란 확신이 막서네요,0
"전투장면이나 감동 모두 2000년대에 나온 어떤 전쟁 영화,드라마보다 뛰어나다",1
약간의 아이디어나 재치는 볼 수 있지만 이런 중구난방 연출식의 영화는 좀 짜증..,0
실패한 장르의 어느 한 구석.,0
..................,0
재건축이 필요한데 리모델링조차 않는 캐릭터 코미디.,0
911 테러만 없엇어도 2탄 나왓다..ㅠ이제 몇 년이나 기다려야되다니ㅠ,1
백설공주는 머리가 까맣다고!! 왜 동양인을 캐스팅하지않은거죠 한국인이 하얗고 까만걸로 유명할텐데,0
"뭔가 많이 보여주려한건 알겠는데, 정신없음. 쓸데없는 장면이 너무 많음",0
재밌었다. 하지만 평점을 너무 심하게 올리는것 같아서 1점준다. 어차피 내가 1점줘도 안내려가겠지만은ㅋㅋㅋ,0
영상미가 대박이됴.. 스토리도 짱짱,1
전 정말 재미있게 보고왔어요~~ 친구네 부부하고 같이 보고왔는데 공감대가 형성이 되니 정말 재미있더라구요~ ㅎㅎㅎ 전 점수 후하게 주고 싶네요~,1
뻔한 스토리.. 어디서 본듯한 영화.. 노잼,0
좋다. 다만 전체샷을 잡았으면 싶을때 부분샷을 잡으니...가서보는게 가장좋겠지만 차선책으로 그만하면됐다,1
쓰레기 영화인건 확실하다.자살은 결코 정당화 될수 없는 이기적인 행동이다라는거,0
안 만 우 문 두 루 숫 수수 루 루루 라 아 니 아 나 아아,0
재미없고 지루했어요. 손발 오그라들어. TV판이 훨 나은듯.,0
제목만 알고 처음으로 정독했는데 대단한 영화네.. 장국영 진짜 멋지게 나오고 유명 배우가 잠시잠시나와서 옴니버스식 같은 영화 같다 내용 정말 좋네 어릴때 본 기억은 없지만 천년유혼 마니마니홍 형님도 나오고 중반이후몰입도 좋네,1
후반에서 얼마나 슬펐는지...,1
진짜 뭐라고 말할수없을정도로 엄청난 충격을 준 명작이자 괴작랄까 에반게리온. 넌 날 오덕의 길로 가게만들었어.,1
별 하나도 아깝다. 이딴 영화가 조선OO들 수준에 맞긴하지 ㅉㅉ,0
다큐지만 한시간은 시트콤보듯이 웃겨서 좋았고 나머지 시간은 생각할거리가 많아서 굿굿굿,1
사우스파크 시즌8 에피소드3에서 이 영화 감독을 마조히스트 정신병자로 묘사했었죠. 비기독교인이 볼땐 그냥 고문쇼를 보는느낌,0
극중 캐릭터는 후발부로 갈수록 점점 자멸함 정작 pd는 가만히 구경만하고 복수완료 함 소재는 좋았으나 스토리가 이상해짐,0
긍정적인 모습에 반할것 같아요.,1
초반엔 좋았는데.. 내 인생 이런 용두사미 드라마 첨본다ㅋㅋㅋ스토리 라인이 와장창 무너짐,0
그저 그런 영화. 그저그런 영화 한 편을 본 느낌이다.,0
간만에 재밌게본 로맨틱 코미디,1
그저 샤론스톤만 볼만했다 실베스타의 역활은 안 어울렸다,0
별 재미도 감동도 없는 만화,0
만점짜리 주제에 빵점짜리 접근.,1
끝이 허무하네 통장에 5억찍히고 끝? 그게 머야...,0
"이건 모니, 제목 보고 뿜었다..",0
여주인공 얼굴에 1점을 줄수밖에 없는 이유가 고스란히 담겨있다,0
아 이대로가면 2기는 나올까? 나왔으면 아무튼 졸잼ㅋ,1
암걸릴뻔... 지못미프라임...,0
강빈의 소원이 넘 가슴아파요 ㅠㅠ,1
이건머... 이런 스토리가 다있나? 그나마 여주 이쁘고 견자단 형아 있어서 4점이나 준다!!!,0
좀비물 치고 눈물도 있고 감성이 풍부해지는 영화임. 개인적으로 김태용 감독의 작품이 젤 좋았슴. 한국좀비물 중에선 최고!,1
산만한 내용 뭘 보여줄려고 했을지 끝난후 마찬가지 젊고 유망있는 배우들이 아까운,0
양심적으로 이런영화 만들지맙시다ㅋㅋㅋ,0
역시 정의는 승리한다 이겼다,1
별로 재미없음. 의학드라마에 다가 막장요소 다 섞음,0
지현우 기럭지 멋있고 여자 심은하 필~ 잼난다 ㅋㅋ 4점대는 절대아님!!,1
영화 끝나고 한참을 울었네요...,1
너무질질끈다이젠끝낼때두됐는데작가들드라빨리끈데글구강인철강서연죄값치러게하던지죽이던지빨리끝으내요작가들짜증나서드라마보기가실어,0
레오와 러셀이 이런 3류영화에 출연했다니 납득이 안된다.,0
16분 볼라고 81분을........,0
기대이상... 넘 잼 있게 봤네요^^ 자연스러운 진행이 돋보엿고 두분 호흡도 전 좋았어요♥,1
이게 그런 내용이었나요? 외계인이 착한거였어?그럼 왜 시설은 다 파괴한거죠?잘만든 영화는 확실히아님,0
파리넬리 내인생 최고의 영화,1
단지 이상형인 이기선씨 때문에... 영화도 굉장히 수작입니다.^^,1
여기 제작부 하던 돼지x 니 사회에서 만나지마라 ㅋㅋㄱㅋㅋㅋㅋㅋㅋㅋㅋㅋㅋㅋ 너 아니면 이 영화굿,0
오랜만에 본 제대로 된 범죄스릴러~,1
"아우 짜증나!네이버에서 예매했다고 영화관 사이트 드갈때마다 평점쓰라고, 화면 바뀔때마다 평점쓰라고 하니 정말 짜증납니다. 네이버에서 영화 예매하기 싫음",0
태어나 처음으로 프로그램 평점 달아봅니다. 저에겐 최고의 프로그램입니다. 정말 각 편당 몇번을 돌려보아도 또 보고싶게 만들더군요. 좋은음악들 다시 들을수 있는 기회를 얻어 행복합니다.,1
"작품도 좋지만, 우리나라 성우진도 최고!!",1
진짜 너무 재미없네요 스토리도 이해가 안가고 재미도없고 감동도 없고 돈만 날렷어요,0
ooh child things are gonna get easier,1
이걸 영화라고 만들다니.. 이걸 영화라고 찍은 배우들도 불쌍하고..,0
슬프지 않은 장면에서도 방금전의 장면과 대사를 다시한번 생각하고 코끝이찡해지네요,1
코미디사극의 진수. 요즘 사극보면 사투리가 없어서 실감안나. 드라마속의 선덕여왕은 경상도사투리를 안하고 드라마속의 공민왕은 개성사투리를 안한다. 왜그럴까? 그것이 알고싶다.,1
끝에는모두긍정적으로되는행복한 결말!이드라마를본나도황금란처럼무언가가바뀌는느낌,1
애랑 아줌마 비중을 줄여야 했다. 암튼 존내 유치하다....,0
코미디는 무슨....극도로 잔인한 문제영화,0
10노잼을 뛰어넘은 20노잼 30노잼 9999노잼ㅅㅂ,0
군더더기없어 몰입할수있는 정치사극으로서 손색없다고 감히 평가합니다 특히 세자의 '살리는정치'를 실현하려는 의지와 고뇌의 모습은 감동과함께 많은것을 느끼게 하는데 모쪼록 많은이들의 공감이 공유되기를 바랍니다,1
평점만 재밌는 영환 이번이 처음~!,0
말레이시아 영화라는걸 염두해두고 10점 한국쓰레기영화들이랑 비교해보면 100점이상,1
정말 연기 너무 못한다. 상황이 다어색해고은아씨만 아깝게 더좋은감독 만나시지.,0
어머니의 사랑이 너무 아름답게 표현되어있습니다. 꼭 봐야 할 영화!!,1
"좋아좋아!!ㅋㅋ순간순간배꼽잡을뻔,순간순간완전몰입의묘미를지닌영화!!대박",1
샤넬 모델 출신이 코코샤넬을 연기하다 아이러니하다,1
지금 씨네f 에서 하는데 보니 참 잼있네,1
색감이 너무 좋고 더빙의 싱크로율도 완벽해서 아이들이 너무 좋아한다.,1
"배우들 연기력은 말 안해도 알만하고, 스토리도 참신하고 재미가 있는 영화다.",1
저글링 초반러쉬는 몇번은 먹힌다...,0
"왜 이리 지루할까... 우리 영화 천군 과도 많이 닮았고., 이 영화 역시 상상력이 많이 부족하고 유치하다.",0
돈이 아까웠다 반납도 안했다 내일 연체료 물린다 아놔,0
뭐지 이건... 리즈위더스푼때문에 꾸역꾸역 본영화..,0
만든사람들 진짜 천재다.. 디자인 스토리 아이디어 빠짐없이좋다 특히 아이디어가 굿이다.. 평이할 수 있는 스토리가 산다..,1
못난이 주의보는 재미있었는대 이번 드라마는 스토리가 별로내요.보면 볼수록 스토리가 억지로 끼워 마추는듯,0
레옹2던 와사비던 장르노는 왜 이런걸 찍어서 원작을 망친거지; 너무 안타깝다,0
영화 이해됐어도 상당히 불쾌한 영화,0
어렸을 때 비디오 빌려봤던 영화ㅋㅋ너무 유쾌하고 재밌게 봤땅!! 가족애도 느껴지고!,1
가슴 한구석이 쓰려지네... 정말 더러운 세상,1
갠적으로 가슴과 머리가 터지도록 부러웠던 벤자민..67년작이라니 그저 놀라울 따름!! 그 시대의 미국배경을 보는것도 좋았고 암튼 나는 오프닝이 머릿 속에서 잊혀지질 않는다,1
부끄러울 정도의 쓰레기 수준인걸 가슴으로는 받아들여야 한다. 머저리들아,0
큰 기대없이 가서 관람하길 잘했다고 할수 있는 영화 많지 않은데~good ~다니엘 화팅,1
보다가 졸려서 ㅡㅡ 전ㄴ ㅏ 지루해 ㅡㅡ장난치나 실화면 6하원칙에 맞춰서 만들던가 ㅡㅡ,0
최고의프로 진짜 다들 너무웃겨요 ㅋㅋㅋ,1
"좋은 영화지만 아쉬움이 많네요재미있게 잘 보았습니다.,",0
탁월한 내면심리묘사와 강렬한 사회적 메세지를 주는 소름끼치는 영화,1
그저 테론밖에 보이지 않으니... 오히려 그게 다행으로 여겨지는 엉망인 서사.,0
소재는좋으나 영화는별로다. 여기는 영화평점을주는곳이지 한길수를평하는곳이아니다.,0
둘의 조합은 좀 어색하다만 어쨌든 지루하진 않다..,0
"액션은,죽이는데 ,뭔가 힘이 쪽 빠지는,완전 B급영화.문제의 신디 크로포드 가슴노출씬은,저 르네 루쏘의 토마스 크라운 어페어에서의 노출씬만큼이나,강렬했다.그래도 극장에서,재미있게 봤던 기억이 ...쩝~나의 영화감상법에 문제가 있는걸까?다시 보라면~노~",0
저도 내가안봐서 재미가 없네요,0
감독이 여자한테 크게 데인 적 있나. 왜 악역이 다 여자야!!,0
머이런 그지같은영화가다있어참나 먼앞뒤전말개요연관성없이 참네 짤라먹은건지 각본문젠가 참허무한영화에 답답하고 남주는느끼에병맛에 ㅡㅡ여주셋때메 봤네,0
"난 종교관련영화는 무지재밌더라 , 리핑.크림슨리버,다빈치코드~",1
노래 진짜 좋았어요!!!!!!!!!,1
"인간으로써 가지는 아픔과 갈등을, 한 나라의 여왕으로써 감춰야만 하는 그녀.과연 여왕으로써 가져야할 덕목은 무엇인가. 반세기를 지내며 쌓아온 가치는 무엇인가. 수많은 요소가 복합적으로 얽혀있다.",1
케이블에서 해줘서 D-day만 봤는데 아...........뭥............근데 좀 놀라긴했음,0
이 영화 3년간 계속틀어놓고 잠 1000번은 본듯자막보다 성우더빙판이 더 재밌음,1
최고로웃겼음 ㅋㅋㅋㅋㅋㅋㅋㅋㅋㅋ 펭귄한마리키우고싶다,1
만질 수 없는 것도 사랑할 수 있다는 것을 보여주는 하나의 아름다운 예다.,1
참 오랜만에 만난 인간적인 드라마...,1
좌파정권시대에 만든 좌파드라마,0
보고 실망함 ..뱀파이어 영화치고는 신선한 느낌이였기는 하지만 심야 영화로 8천원이나 주고 보기에는 뭔가 조금 비싼느낌이였음.집에서 티비로 보거나 OCN에서 틀어줄 느낌이 아주 강함 .웹툰으로는 모르겠는데 영화로보니 신선하지만 아쉬운느낌 특히,0
다들 안무서운데 무서운척하면서 댓글단건가요무섭다는 소문듣고 봣는데 실망;; 어디서 무서워야될지 잘 모르겟음*,0
기대보다는 재미있진 않았어요 억지웃음?,0
나는 왜 이걸 계속보고 있는가..,0
아....이영화....정말 다시보고 싶은데...어떻게하면 볼 수 있을까요???,1
난 재밌는지 모르겠다 ㅡㅡ; 보다가 지루해서 다 스킵했음.. 여주인공 이쁜거 빼곤..,0
레닌: 영화는 정치적 선전의 도구. 빵점이 없어서 1점 준다.,0
이런대박이 순의권에 않오르다니!!!!!!!!!!!!,1
영화의 따뜻함으로 외로움을 달랬다,1
진짜 비추하는 영화입니다. 제조카가 왠만하면 영화끝까지다보는데 보다가 중간에 나오자고 그럴정도로 이야기를 질질끌고 매우지루합니다. 외국 흥행영화 수입하는데 망한영화 몇개 꽃아서 강제로 수입하게 만든다던데 딱 그 자투리영화같했어요,0
난 비쿨도 정말 재밌게 봤다!ㅋ,1
"정말, 팜플렛이랑도 다른영화 정말 .... 비추.. 정말진짜..!!",0
정말별로임;;그리고양탄자를바로빼내면되지질질시간끌다가끝판왕소환시키고거기에다가끝펀왕칼몇방에죽음저번꺼보다진짜벼로,0
정말 재밌음 액션 장르 별로 안좋아하는데 흥미진진하게 봤고 여태까지 재밌게 봤던 영화 십위안에 들음 심지어 이런 평점 주는거 재밌어도 귀찮아서 안주는데 로그인하게 만드는 영화임다,1
한국 최고의 전쟁영화 바ㄴ박불가,1
애하나 살릴라고 사람 여럿 잡는 재미도 없는 영화,0
그만해라 마이 무것다 아이가.. 뭐냐? 2월엔 닐스의 모험(1982년)을 개봉하지 않나? 이번엔 비밀이냐? 유물좀 적당히 캐~~참고로 닐스의 모험 애들도 지루해서 안 보더만~ 또봇이니 옥토넛이니 파워레인져니 타요니 보던애들이 닐스를 보겠냐고?,0
이따위 영화를 수입하는데 50억이나 쏟아붓다니..,0
아무리 싸구려지만 주인공도 싸구려로 생기고..OO..내 소중한 시간 손해배상 어디서 청구하나? 난생처음 평점을 매겨보네.. 느흐흐흐..극장에서 봤으면 자살할뻔.... 조빠하... ㅋㅋㅋㅋ,0
신화방송동완오빠가없어씁쓸하지만그래도재미있다♥♥,1
내가영화보고 1점준전이없었다 진심이건아니다,0
ㅋㅋㅋㅋㅋㅋㅋ아새벽에봐서평점줘야지,1
모든걸 넣을려다 보니 잡탕이 된 막판에 영화 반전이라면 반전이겠지만 너므 뜬금없지 않나요?ㅋ 그리고 늑대들도 인간을 먹는걸 금기한걸로 아는데 막판에 잡수시는걸 보니 급마무리한게 티남ㅋ 어설픈 콘스탄틴 버전,0
쓰레기영화다 이게 어떻게 10점이냐??,0
"주말마다 울고 또 웁니다.ㅠㅠ엄마의 끝없이 주는사랑 ,가족 5월에 딱 맞는 드라마!",1
교훈도 주고 정말 재미있게 본영화 만점주고싶다.. 추천,1
줄리아 로버츠의 앳된 모습은 신선 그 자체.,1
"로맨틱도 아니고, 코미디도 아니고, 중간에 나오고 싶었던 영화",0
재미있네요. 역시 론 하워드.,1
청춘이 이유가 될 수는 있겠지만...,0
이거보고김보라여덕됨..진짜이건다운받아서라도무조건봐야댐박지빈짱..,1
좀더 잘 만들수 있었을텐데.. 기운이 빠지는 느낌.,0
Babyface가 만든 최고의 OST가 빛나는 영화~~~,1
"달콤하고 평화로운 휴가같은 영화. 거창한 무언가를 담진 않았지만, 장면마다 느낄 수 있는따뜻함과 여유. 그거면 충분함",1
"몇번을 봐도 재밌다, 이건 진짜... 명작이다.",1
미션임파서블 정주행 하는데 1은 진짜 첩보 스릴러의 한 획을 그었는데 2는 ㄹㅇ 눈이 썪는줄 알았네 오우삼은 비둘기 성애자인가 보다,0
인간이라 하기엔 김일성 일가 족속들이 OOO기로 보인다 김일성 대가 끈겨야지 북한이 사람처럼 살거다,1
여러번 돌려볼수록 여운이 진하게 남는 영화인 듯..,1
"굿바이 로빈, you're always with me",1
SF 명작 중 하나입니다. 아직도 안본 분은 꼭 보세요.,1
밑에 님 핵심을 찌르셨어요ㅋㅋ 실험작이라고 생각하고 봐야됨.,0
이딴거 왜 만드는지 모르겟음 듕궈클래스..,0
진짜 무시무시한영화다!!!!!!!!!!!!!!!!!!!!,0
네이버 평점이 믿을만 하다.,0
주유소습격사건이후 최고의 코메디 영화입니다 정말 재밌게봤습니다 ^^,1
다시봐도 너무너무 좋네요..시라노 연극을 보고 싶은 마음이 굴뚝같이 드는 작품,1
진짜 무슨 마피아도 아니고 낮에서 순식간에 밤이되지 않나.. 아무리 저예산 영화라고 해도 좀더 짜임새 있게 했으면 괜찮았을 텐데 무슨 생각을 가지고 만들었는지 모르겠다. 스토리라도 제대로 잡던가 바로DVD로 나왔어도 개망했듯. 차라리 AV를 찍지.,0
이거 어릴때 걍 야한영화인줄 알고 엑기스만 봤었는데 지금 와서 보니까 완전 재밌네 그리고 결말까지 좋고,1
게살줬더니 게맛살이 더 맛있다며..;;,1
멘탈리스트감독이네이시네요그냥멘탈리스트드라마감독하세요영화로빠지지마시고,0
일베충좀 꺼져라 이 쓰레기 집단소야,0
정말 환상이죠. 0점이 없는게 아쉬워요.,0
노잼진짜이걸왜봐야하는지모르겟다우리아이도재미없다던데,0
전지 전능하신 소유진~ 그녀에게 더 큰 능력을 주십시요 작가님 ㅋㅋㅋㅋ,0
먼저 공격하고 피해자 코스프레 ㅋㅋㅋ,0
이건 해도해도 너무 재미없다,0
잼있굿구숙수굿굿굿구숙수소곳곳호옷옷오,1
송중기와 문채원이 오랜시간 기억될 드라마..,1
1점도 많이준겁니다. 재미도 없고 감동도 없고 연기도 어색하고,0
빅뱅!!안티들 상관 말고!1VIP는 영원한 빅뱅의 VIP니깐!!!상관말고 활동 열시미!ㅎㅎ,1
문도 ! 자기이름 많이말한다! 안그러면 까먹는다! 저번에도 까먹었다!,1
그림은 참 귀엽지만 내용은 너무 부실했다.,0
오 간만에 잼있게봤네요 이슬람만 욕할게 아니네요 미국 참...,1
진짜지금시대에봐도 너무 재밌다. ㅋㅋ,1
다시봐도 정말 좋더군요...특히 음악이...ㅋ,1
사드. 가까운 예를 들자면 백가흠과 같은 맥락의 충격.,1
재미도없구 감동도없어 요즘영화들다똑같아 아아아,0
싸구려 막장 드라마만 내보내면서 시청료는더 받고싶다...? 대한민국 국민을 봉으로 생각하나?? kbs 에서 당최 국민위한 방송이 있었던가?? 납득 할수없네.당당히 시청료 올리겠다 큰소리 치는 그 자신감은 어디서 나오는 건지.넘 뻔뻔한거아닌가?,0
"인투더스톰 나온다는 정보듣고 부랴부랴 만들기 시작한거같다. 아니, 어쩌면 상대적 우월성을 가지려는 인투더스톰의 수작일지도.",0
이 시대의 자화상... 꼭 한번 보고 싶네요,1
an48_이 땅에 사는 우리가 왜 감사하며 살아야 하는지를 재인식_마음을 누르는 짐을 벗어야 결과에 관계없이 비로소 자유해질 수 있다_소외되고 가난하며 병든 다수에 대해서 풍족한(?) 소수는 책임감을 가져야 한다_행복이란 나누고 배려하며 공생하는 것!,1
ㅋㅋㅋㅋ내위에 모니터 불태우고 싶다는 ㅋㅋㅋㅋㅋㅋ 빵터졌네..,0
"딱히 찝어낼수 있는 감동의 형태는 없지만, 삶의 모습과 방향은 참 여러가지라는 생각. 사랑의 모습과 방법은 각양각색이고, 변한다해서 사랑이 아니었던 건 아니다. 연출도 연기도 좋고, 흥미롭게 집중한 영화.",1
흠...관객들 가지고 노는건가? 상영도 안하는데..,0
"연기,대본,오에스티까지 굳인 드라마..엔딩이 좀아쉬웟지만 여운이 정말많이 남는 드라마.과거만 회상하면 마음쓰라려서 진짜많이울엇는데ㅜ",1
전편에 만족해야 했다. 싱거운 스토리와 결말은 ....그만,0
전혀 예상하지 못한 줄거리입니다ㅋㅋㅋㅋ 꽤 재밌게 봤네요,1
2012년 작품?? 연기... 연출... 내용... 뭐이랴...,0
웨슬리도 이제는 3류배우가 된건가 ...,0
"무겁지 않은 동성애, 훈훈하네요",1
브랜던리.. 쩐다 라는 말만나옴,1
진짜진심으로더럽게재미없음 돈시간버리고 보너스로오글거림에짜증 개유치하기까지 올해들어최악의영화 별1개도아까운쓰레기,0
엄청지루....그냥 그저 그렇게 흘러가다 끝나네요,0
어렵고 힘들다.. 하지만 아름답다,1
개인적으로 내 인생의 최악의 영화 Worst 5,0
에로티시즘과 포르노 사이 어딘가에 있는 여느 정통 멜로.,0
솔직히 야만적인 연출과 스토리로 충격주는 자극적인 영화일뿐...,0
"웃고싶을때,심심할때,마틴로렌스가 보고시플때 보면 딱!!",1
부시. 넌 냄새나고 역겹고 추악한 만인의 쓰레기일 뿐이다.,1
음....뭔가...만들어지다가 만거같은데..,0
마르셀 할아버지와 그 친구들이 만드는 멋진 기적이 펼쳐지는 체리나무열매같은 아름다운영화!,1
짐캐리 영화 치곤 웃기지 않았다,0
70년대 영화라는게 믿겨지지 않음재밌어요 내가 중학교때 케이블에서 봤음,1
현실과 괴리가 크니 까이는거지. 이 영화에선 학생이 임신하니 학교에서 축하해주고 부모도 결국 인정해주고 뭐 이러지? 현실은 미혼모되서 인생 망하는거야. 애들한테 그릇된 인식 심어주기엔 딱 좋은 영화,0
몸만 어른인 청춘들의 객기만을 보는듯.... 평점이 넘 높네,0
난 이만화 본적이없다... 단지 10점을 내리고싶어서 낮은점수를 줄뿐....,0
기대안하고봤지만 무거우면서도 재밌는 소재거리,1
언제 한 번 찾아서 봐야 될 텐데 말이죠,1
"다 제껴놓고 한 가지만 말하고 싶다, 무도회에서 말한마리 들어왔다고 포우와 같이있던 애인이 너무 쉽게 납치된다는 설정이 아무리 이해할라고 해도 이해가 되질 않는다.",0
벤스틸러와 빈스본은 왓치에서도 함께 호흡을 맞춘 적이 있죠。은근히 쿵짝이 잘맞는 것 같습니다~십 여년은 된 영화지만、깜짝 등장하는 까메오 배우들의 출연은 보는 재미를 더하네요。강력추천 합니다！！,1
애들이어려서 무서워하고 지루했어요,0
그냥 그런 멜로 개인적으로 코믹멜로를 좋아해서 평점은 좀 준다,0
롤랑 조페 인생의 영화가 될 듯.,1
이거 시험기간때 본영화 공부안한 보람이잇는영화다,1
야밤에 혼자서 불끄고 보세요. 소름돋네요.,1
전생으로 엮지 말고 좀더 현실성 있게 연결된다면 더 좋았을 거라 생각된다. 나도 모르게 빠져버리는 힘이 있는 영화.... 음악 영상 연기력 구도 너무 미치도록 아름답다. 최근 본 영화중 최고!,1
연기력은 기본인데.. 주제가 아무리 좋아도 연기가 안되면..,0
주온1편도 상당히 신선한 충격이었는데 링보다 평점이 이리도 떨어질줄이야.. 둘다 일본공포 명작으로 비슷하다보는데.. 10점줘서 올려줘야지,1
왜 초토화시키는지 모를 이상한영화 초반에 죽이던가ㅋㅋ,0
억지스러운 스토리에 인물따로 배경따로 노는 c.g 오마이갓~,0
친구가 재미있다길래 봤는데..그냥 그저그런 뻔한 막장 인소느낌. 안보는걸 추천한다 내가 봐왔던 멜로중 가장 별로였다0점이없어 1점,0
"감정표현의 섬세함이 돋보인다. 심리,폭력,섹스,마초의 집합? (이젠 무슨낙으로...)",1
내평점솔직히 노래만큼은 별 10개 주고 싶다. 한스짐머께 젤좋아.나머진 그냥 0점주고 싶음,1
무지개여인 찾는 지루한 여정.. ㅠㅠㅠ,0
너무 너무 재미있어서 잊을수가 없네용.슈퍼배드 영화 제작진들님 영화가 너무너무 재미있어요.,1
미묘..웃긴것같으면서 안웃기고 전개도 지루하고..주제는 너무 좋으나 여자 주인공 매력 없고..그치만 남주랑 안나패리스땜에 봣다,0
감동적인 영화^^ 배우의 연기가 돋보이는 영화,1
투박한화질.낯선중국거리.도시의학생과 시골 청년.그리고자전거.,1
사회적 문제의식과 스토리의 잔잔함이 잘 조화를 이룬 영화같네요ㅎ.주제가도 귀에 감기네요^^,1
개노잼 개쓰렉 영화입니다 너무지겹지만 결말이 궁금해서 끝까지 봤지만 시간남아돌아도 안보는걸 추천합니다 ㅠㅠ 내시간 ㅠㅠ,0
베스트댓글 로페즈(bk10****)님 말도 맞지만.. 입장바꿔서 태평양과 인도차이나에서 죽어간 일본군병사들도 일본군국주의자 희생자였고 힘없는약자 우리와 똑같은 인간으로 묘사할 수 있나요?? 일본군국주의를 지탱한 것은 누구도 아닌 일본국민들이죠.,1
팬픽 같은 느낌. 만화책으로는 봤지만 애니로는 많이 못봐서.. 2배속으로 돌려봤는데도 지겹더라.,0
문틈사이로 여자의 통곡소리가 먹먹~!!! 기억은 가물가물10여년전에 봐서 ^^;;,1
치정극의 비극에 걸리고 나자빠진 우디 앨런,0
영화 맞습니까? 반에들이랑같이보다 요절할뻔ㅡㅡ마지막에 원기옥쓰는거보고 박수쳤다.,0
말도안되는 깡패영화좀 이제 그만합시다,0
"원시분장한 그들은,마치 티라노의 발톱을 보고있는듯한 착각을 일으켰다...",0
1점도아깝다 0.5점은없나심사위원자기들이말하기를아무리 연습때잘해도 실전(무대)에서 못하면 꽝이라햇는데 무대에선 불안정해도 그땐 또 이야기가달라짐가능성을보고뽑겠습니다. 장난치는건가?,0
역시 링은 일본판이 진리였구만.,0
우리나라애니의 현실을 보는것 같다.ㅜㅜ,0
갑자기 하류가 주다해안고 차에 치이질않나 원래의 주다해였음 깨어나서 바로 도망가려고 했어야하는데 하류한테가서 미안하다고 울지를 않나 직접적으로 치인건 하류인데 주다해가 뒤지질않나 참 마지막회 엉망임. 지금까지 본 보람이 없음.,0
"한국애로영화가 나아가야할, 지향해야할 스토리, 캐스팅",1
여기 나온 금발 스트립퍼 언니가 너무 예뻤던...,1
원숭이가 너무 귀여워서 10점,1
진짜 최악이다... 존나 재미없네;;;;,0
겁나 재밌는데 평점이 왜 이모양이지..옥수수때문에 그런가? 아무튼 스토리좋았고 리암니슨 특유의 액션 잘봤습니다!,1
공짜로 주어지는 것은 아무 것도 없다.,1
이런 영화를 10점안주면 어떤게 10점일까요마지막 브루스 형님의 눈물은 잊을수가없네요..,1
지나치게 자극적으로 만든 인권영화라 별다른 감정을 느낄수가 없다.,0
긴머리 박신양은 봐줄 수가 없다. 영화도 최악.,0
전쟁은 참 무서워요. ㅠㅠ;;,1
별점주기도 아까워 참나 이것도 영화?,0
미달이 맹승지 서로 자랑하는건가?,1
네덜란드 장혁의 풍차돌리기! 전혜진(-1),0
13구역하고 비교가 된다고 생각하냐?,0
그냥 TV드라마 단막극용 정도,0
원래는 200분짜리 영화가 아닐까 할정도로 초반부만 반짝하고 막장전개로 급마무리,0
이영화가 얼마나 인기있었던지 이노래주제가가 지금은 공군 군가 ㅋㅋㅋ 빨간마후라는~하늘의사나이~,1
이거만든사람은 만들면서 뭔생각을한거지?,0
색다른 사랑 이야기를 무겁지 않게,1
"아...저렇게 좋은 배우들을 이렇게 밖에 못쓰다니,,, 삼류영화라고 하는 것도 이해가 간다...",0
디워 2 나온다는 소리 듣고 참 재밌었다,0
주인공 인물 참..맘에 안들고 남편 욜라 불쌍하네,0
비디오 용으로도 아까운 4류영화,0
공포 코미디 영화 보다가 웃기는 처음이다 이 새벽에,0
출연하는 여배우들이 상당히 이쁘네요 ^^ 소재는 흔하지만 완성도가 높아 마치 드라마 한 회를 본 것마냥 몰입도가 아주 강했습니다 이 영화는 속편부터 본격적인 시작이 되지 않을까 생각되는군요,1
리얼 내가 저상황이라면.. 이란 상상에 휩싸이면서 끝까지 집중한 영화,1
감독 해바라기 찍고 이후 작품보니 여기에 일생의 모든 재능을 쏟아부은 것 같다 `태식이형은 나가있어 OOO 싫으면'이란 명대사는 한국느와르의 오랜 명대사가 되었다,1
가끔 오글거리고 거슬리는 연기 빼고는 훌륭한 드라마. 정말 흠뻑 빠져서 봤다.,1
"결말이 뭐랄까,,,참....음.,...황당하네요",0
경기가 끝나고 소름이 끼치네요...,1
오랜만에 좋은영화 보네요..^^,1
괜히 평점이 9점대가 아니다,1
나중에 TV로 방영됬으면좋겠다.,1
오늘부로 안 본다.... 앞으로 MBC 자체 드라마 안봄장난치고 있네 진짜,0
영화가 끝난후 좋은생각을 많이 하게되는 영화,1
킬리언 머피라는 배우를 다시보게 해준 영화. 그 전 까진 그저 전형적인 미남도 아닌데 독특한 매력 있는 배우. 그 정도 느낌 뿐이였는데 말이죠..,1
"오랫만에 시간나서 영화하나 봤는데, 재미없는건 둘째 치고 시간버린것에 화가막 나는군요.",0
"네이버 평점보고 기대하고봤지만 대실망.재미,감동,교훈,볼거리 아무것도 없었던 영화",0
김선경과 그의 주제가가 기억에 남은 드라마,1
택시기사 담배값 달라던 친구는 왜 나온지 모르겠고 마지막에 여자 왜죽은지 모르겠고,0
내용이 좀 무겁긴 하지만 괜찮았는데..ost는 정말 좋더라!!,1
골때리게 재밌는 로드리게스표 영화,1
차라리 한국판 실사판이 걸작이다!,0
졸라 재미없을것 같아서 보다가 포기했는데 내선택이 좋았군,0
아련하구나....쥰세이의 독백과 어우러진 ost는 가히 아름다웠다..,1
사실 영화자체의 재미는 별로였지만 영화가 주는 의미를 모든사람들이 알았으면 합니다... 대한민국을 지켜주셔서 정말 감사합니다,1
"쓰리데이즈 작가님, 출연진, 제작진. 모두모두 감사합니다. 간만에, 여러가지 생각할 수 있는 괜찮은 드라마를 봅니다",1
멋진 그래픽속 똥망 스토리.,0
별내용도없고 나나 세계미모2위는무슨 맨날우려먹음빨리이거 끝났으면좋겠음 그리고 백현이상형그거뭐냐진짜예고편만들꺼면 똑바로만들던가 시청자들을무슨 바보로아나?그리고 욕하는거 다내보내냐 팬들떨어지라고?그리고 홍수현인가?뭔가 걍나댐,0
평점에 속지 마세요....첨부터 지루해서 죽는줄....뭐가 재밌단건지...,0
전작보다 더 억지스러워진 상황 때문에 그저 헛웃음만.,0
"보고 웃다가 진지하게 보고, 어쨋든 왜이리 재밌었을까.",1
바보들은 좀 이거 보고서 깨달아라.,1
"이영화는 그저 스포츠, 재미로 다가갈것이아니라 내포하고있는의미가 무엇인지 생각해보았으면 좋겠다너무 좋은영화. 넬슨만델라 대통령의 신념은 기억될것이다",1
내용은 단순하고 재미도 없고 그냥 몸매 조금 보여주는게 다임,0
원작을 먼저 읽어서 그런지 모르겠지만 엄청 재미없게봤다;;;그래도 로건레먼은 잘생겼네,0
전도연이 학생느낌보단 너무 어른처럼 연기해서 그런가 영화의 몰입도가 참....아마 전도연 특유의 그 목소리를 역할에 따라서는 좀 고칠필요가 있다고 봄,0
"모든 걸 갖춘 홈 코믹 소동극, 이런 가족이라면 하루하루가 무지하게 유쾌할 것 같다",1
어릴 때 케이블에서 봤는데 정말 감동적이었어요,1
주연배우들은 좀 낮설지만 완전대박이네요..레이싱종류영화거의많이봤는데 다들 아슬아슬어마어마..가슴후련..저도여자치곤 질주를즐기는편이라..ㅋㅋㅋ,1
치밀하지 못하고 억지스럽게 흘러가는 후반부가 아쉽다,0
진짜 잼있게 봤는데.. 보면서 심장 떨리고..긴장감 넘치고 액션도 좋고.. 괴물 cg도 사실적임.,1
좀 막장으로 치닫는 스토리다 여배우의 삭발투혼과1인2역은 돋보이긴했다,0
아...진짜...연기를 똥X멍으로 하나...이건 정말 인간적으로 해도해도 너무하네...배우 한명연기 때문에 도저히 거슬려서...보다가 때려치운... 영화는 내 인생에 이게 처음이자 마지막일 듯...,0
한편의 동화를 읽은 기분.. 하지만 현실과의 괴리감이 느껴져서 슬픔..,1
바람난 가족을 만들었던 감독이 어쩌다 이 지경까지,0
이야기 전개가 지루해서 결말에 대한 궁금증조차 안 생기는군,0
한국인이라면 심장이 뛸수밖에없는 그런 느낀점이 많은 그런영화 ♥,1
"배우들연기좋은데,, 구성 연출력 특수효과 모두 엉망진창의 졸작",0
와 뭐 이딴 영화가 다 있냐 이건 분리수거도 못함;;,0
구혜선땜에봤다가이것땜에 이산안본걸후회하고 태왕사신기1회 안본걸 너무 후회한다,0
만점! 소름 ㄷㄷㄷ 이런영화는 처음이다,1
이런저런 사회적의미를 찾지않아도 충분히 재미있다,1
총을잡나 카드를잡나 정말 잘어울리는 주윤발의 매력 ~~~~~~,1
전등불이닳아서어둑어둑해지는느낌의삶이었다.,1
솔직히 말해서 쩔었다.. 처음부터 끝까지 어디로 튈지 모르는 이야기 그리고 열린 마무리...ㅋㅋ,1
이질적인 비현실감 가득한 슬픔도 잘 다가오게하는 매력의 발견,1
"영화내용은 별루고, 앳된모습의 배우들만 보인다.",0
"뭔 말이 필요한가 아는사람은 써라 엘 프사이 콩그루모르는 사람은 빠염, 오덕? ㅎㅎ 뭘알고하는소리냐 이건 니가생각하는 그런 애니 오타쿠가 즐기는 그런만화가아니다, 그렇기도 해보이지만 그건 오류다뭘 좀 알고 ,그때 말하자 미래에서 기다리마ㅋ",1
‘장 르노’ ‘히로스에 료코’의 기대감에 ‘제라르 크라브지크’ 구멍은 미처 확인하지 못했다.,0
내 동생은 재밌다는데 나는 모르겠음..,0
왕모림 왠 대만배우가 이런 다큐영화에까지 등장하는거지?,1
뭔 쓰레기같네 애새끼들 ucc급,0
결말이 찝찝한 건 맞음. 근데 그 전까지 존과 사바나와 러브신들이 너무나 예쁨. 1점 주긴 싫어.,0
최악..과도한 반전을요구했네 하긴 08년도쯤이면 반전반전거리면서 유행타던때니깐,0
1점도 아깝다. 예산 낭비하며 이딴 쓰레기를 만드는 감독의 멘탈이 궁금하다..,0
꿀잠보증수면제. 피곤한데 잠이 안올때 꼭 사용하세요 ^^,0
영화관에서 봤다면 졸았을 듯.,0
대단하다는 말밖에..너무 잘만들었다,1
멍청하게도 극장에서 봤었다..당최 무슨 내용이었지??,0
고등학교 영화 동아리에서 만들어도 이것보단 나을듯...2014년 이 아니라 1990년도 작품같아요.,0
대단할것 처럼 보인 보스가 너무 시시하게 죽는다,0
미유키역의 여배우빼고는 전부 진부하고 남자주인공 보다 그냥 짜증이 나버리네요..결국 영화가 더욱 싫어짐,0
"모든 여자는 사랑을 원한다지만,,,내 도덕 관점에선 이해 불가,,,",0
장난없다 꼭봐라 아저씨타령하지말고,1
결말이 너무 파격적이었다...중년남성들의 꿈,1
잔잔하니 그림두 이쁘고 지루함 없이 정말 갠찬은 영화~ 여성들 강추,1
강수연의 연기는 이때가 정점.. 그후로는 계속 하강세..,1
장 끌로드 반담 팬들에게조차 비난받을 작품.,0
하도 어이없어서 로그인해서 평 남겨봅니다 (한마디로 쓰레기통으로 버리고픈 영화) 도대체 10점 준사람들은 영화 내용과는 상관없는건지 의문스럽네요... 혹은 알바??? 여튼 내 의견은 리뷰보고 영화 보려했던분은 혹은 다운받았던 분들은 그냥 휴지통으로..,0
TV로 봤지만 정말 감동적인 영화 오랜만에 감동,1
"예상은 했으나, 시간때우기로도 아까운 영화 .",0
아주 재미있오ㅛ름 공리 최고,1
그닥 무섭지도 않고... 추천하진않네요,0
진심 여주빼고 빡쳐서 볼때마다 암걸릴것같다. 그리고 6회에선가 여주가 조은차에의해 강제하차선언할때 얽히고섥혀있는 남자들의세상에 질려버렸다는말 정말공감한다. 연줄로 빌어먹고사는 남자라는 존재들은 정말 야비하고더러움그자체.작가의 촌철살인 글에대한 박수를,1
제이콥 너무 좋다 >< 재미있다,1
OOO 초딩때 엄마한테 이 비디오 빌려오라고 하는게 아니었어,0
원작 따라갈려다가 원작까지 욕먹이는 영화. 걍 0점,0
나루토 극장판 중 최악 중에 악중에 악중에 악!,0
10점도 줄수있을정도로 갠찬았는데 레즈땜에 9점드림,1
17세 꽃다운 나이로 저 세상에 간 리치를 추모하며..,1
도라에몽은 나의 분신 너무 재밌다.,1
영화내용도별로였고 긴장감도없었지만 걍 봤다 정말정말정말할일없는 잉여아니면 보지마세요 근데 솔직히 이별점은 아닌거같아서 낮추기위해 1점,0
당신이 아직 이 영화를 보지 않았다면 당신은 아직 살아야할 그 이유 한가지를 간직하고 있는 것이다.,1
재미읍더라. 기억나는건 여주인공의 나이에 맞지않는 목소리?,0
이게 대체 왜 8점대인지 이해할 수 없음.,0
황당할정도로 퀄리티가 좋지만 사랑할만한 캐릭터가 없다는 것이 가장 큰 문제이다. 모든 영화는 아닌척하지만 다 우리 자신에 대한 위로이다. 조범진 감독은 그걸 몰랐던거 같다.,0
뭐야...뭔말인지 알겠는데 그 메세지가 전혀 와닿지않고 주인공은 어수선하고 과장되고... 크리스찬연기야 최고지만 그게 다가 아님ㅡㅡ평점 낚였네,0
감동....또 감동 잔잔한게 마음에 울리는 영화,1
이제까지 본 영화중 최악의 영화로 손색이 없다.,0
볼만하지만 영화가 왜 영화인가? 너무 현실성을 부각시킨 것이 안타깝다,1
쌍팔년도 드라마를 보는듯했던 졸작,0
진짜 tv 전기세가 아까웠다!!,0
생각보다 정말 괜찮은 영화네요. 소재도 독특하고 소소한 재미와 따뜻하고 감동적인 영화. 훈훈한 영화네요ㅋㅋ,1
영화 은은하고 느낌 좋네~ 그나저나 제목 번역해놓은 꼬락서니하고는 ㅉㅉ,1
모니카벨루치 여도 용서가안될라해 ㅠ 내 시간..,0
난 내가 운명을 믿는줄알았는데 아닌가봄 ㅡㅡ 말이되냐 잠깐 마주친게 몇년동안 만난 애인들 버리고 서로 찾아나서고 또만나진다는게 ㅋㅋ책이며 돈이며 무슨판타지인줄ㅋㅋㅋ 최악의영화 ㅠㅠ,0
퀸의 음악과 어울려지는 불사신의 아픔과 희망.,1
생존하기 위해 맞닥뜨려야 하는 불편하고 냉혹한 진실. 느리지만 흡입력있는 스릴러. 매우 춥고 차가우며 상처입은 지금.병아리들은 초라하지만 따뜻한 음악을 들으며 자라나갈 것이다.,1
정말 꼭 봐야하는영화입니다~~!!!!최고!!,1
하아...... 정말이지 욕 나올정도로 짜증나는 주인공 캐릭......,0
"이상하게 천정명 주는것없이 밉상이었는데,군대 잘 갔다오고 난 이후에,좋아짐.그리 군대 갔다올것처럼,설레발을 치더만,결국 군대 안가려고,도망간,스티봉 유는 요즘 뭘하지?종교나 신념때문에 거부한 양심적병역거부자들 사이에서,밥잘먹고,똥잘싸서그저 신기할 따름",0
캐스퍼와왠디때의귀엽고특이한목소리가그대로네요~넘넘넘좋았고더많은활동부탁해요★,1
영화자체도 재미가있고 반전도좋았다 무엇보다 안재욱씨가 너무 멋있었다ㅋ,1
나쁘진 않네요 ㅋ 그냥 그럭저럭 볼만한,1
최악의영화 후회하고싶으면 강추,0
죽기 직전에 자동응답기 들어서 무슨일있었냐는듯이 서로 안죽이고 끝나면어땠을까나,0
영화 나비효과랑 내용이 똑같잖아 재미는 하나도 없고 시간여행으로 사랑타령이나 하고 있어 개짜증 영화,0
TV에서 상영했어도 좋았을 듯한 영화~,0
이영화 본사람 있어여?? 인디안 썸머의 원조에요..너무좋은영화,1
이런 미친...내 생애 최악의 영화/..이 거 보다가 정신병 걸릴것 같음...추천XXXX,0
"오늘봤는데... 옛날 영화치고 그래도 볼만하던데여, ^^",1
ㅋㅋㅋ이송감독자기같은영화만만드네...제작비가 너무 아깝군,0
최시원죽을때진심허망하더라그리고개맛같은마무리왜만든건지묻고싶다,0
상상력은 원작에서나 평가하시고 이런 쓰레기영화는 처음본다,0
내 인생 최고의 임팩트 중 하나.,1
인상적인 전쟁영화..스릴있음,1
동건이형 어쩔수없이 연기했겠다 불쌍함 ㅠㅠㅠㅠ,0
마지막까지 꾸역꾸역 보긴했는데 진짜 마지막까지 개뿔도 없음ㅅㅂ최강길드가 왠 듣보잡한테 쳐발리는것도 그렇고 좀 짜증나는 스토리였음괴물 퇴치도 어이없게 사기탬하나로 끝내고 아오 시간낭비 ㅇㅇ 영화감상평 처음 써본다 ㅅㅂ,0
"관음적 욕망의 표현은 준수했으나.. 단지 그뿐인 영화. 틴토브라스, 실망..",0
'실화'였다는 것을 제외하고는,0
잔인하기만한 영화..마지막에 우스꽝스러움,0
액션만 있는 영화. 그래서 좋다,1
킬링타임이아닌 킬링마이셀프 영화,0
참 잘만든 영화다. ~~♡♡,1
명화네요 ㅠㅠ 잊지못할 영화입니다...,1
중학생이던시절에보고약10년이지난현재다시한번보는데..왜그때는그냥그런영화라고생각했었는데..이번엔눈물이계속 나올까요?나이를먹으며생각 많아진걸까요..?무엇보다 끝에 형제끼리 싸울때.. 왜6.25가 동종상잔의 비극이라 불리는지..제대로 알게해준 영화..명작.,1
잠인한데 정말 재밌게 본영화,1
기대 이상으로 재미있고 예쁘네요! 오버스러운 악역도 없고 ㅎㅎ,1
누명으로 교수형 당한 사람 불쌍하다,1
지구에 미국밖에 없나 본격 러시아 까는 영화,0
좋은배우데려와서 똥쓰레기영화만들어놨네,0
911테러가 없었다면 비디오로나 나왔을 작품,0
이런영화를 영화관까지 가서 돈을 내고 누가 볼거라고 기대하고 만들었는지,0
초반엔진짜 저희가족보는줄 알았어요~전남잔데 엄마랑 매일 다투는데 제가 너무 모진것같에요ㅜ정말 슬펐습니다 최고의 영화 느낀게너무도 많았어요...,1
별하나도 아깝다 낚여서 보지만 욕나온다 진짜 총들고 춤추는것도아니고 와.. 영화관에서 상영하는거라 집에서 10000원주고 봣는데 이건 영아니네 ㅡㅡ,0
여자주인공 표정연기가 당돌한게 깜찍하다. 그거 말고 볼 거 없음. 병맛같은 영화.,0
또보고픈...너무나 아름답고 슬픈 최고의드라마ㅡ♥,1
아놔 결국 밝혀 질꺼면서 ..언제 까지 질질끌거임..,0
기요시가 영화데뷔를 위해 선택한 로망포르노였을 뿐...?,0
나 이거 극장서 돈주고 봤음,0
"그 봐, 윤진서는 배우가 아니라고 했잖아...",0
어느 정신병자의 외로운 고백.,0
용서에 관해 답해주는 영화?진정한 용서란 자신을 사랑하는 가장 큰 방법이다,1
에로 비디오 수준을 극장에서 상영하다니,0
왜 18세야? 조제는 15세면서 -_-,1
이런 영화는 홍상수만 찍을수 있는듯..홍상수영화같은 매력을 아 영화에선 찾을수없음,0
독특하고 괴기스러우며 아름다운영화인듯,1
너무 아동틱한 영화가 된듯..,0
우리나라 영화가 아니라는 사실에 진차 깜놀했다.,1
내가 멍청해선가 진심으로 뭔 영환지 모르겠다ㅋ,0
"이제서야 대부1,2,3 를 다봤다.. 내 인생 최고의 영화..",1
호감가지 않는 캐릭터들과 난잡해서 이해하기 힘든 스토리 그리고 불필요한 핏빛 폭력은 몰입을 떨어뜨려 범인 찾기라는 이 추리 영화를 재미없게 만든다.,0
보통 평론가 평은 불신하는데 이건 맞네요. 뭐가 재밌다는건지 모르겠슴. 블랙잭을 알고 보면 재밌다는 사람도 있는데 영화를 보기 위해서 블랙잭 공부를 해야되는 건지요.시나리오의 치밀함도 보는 영상의 재미도 그저그런 영화네요.시간아까움,0
볼만한 영화. 뱀장어가 가슴 시리다.,1
넘 슬프고 감동이였어요 책으로도 보고 영화로도 보고 넘 좋았어요 소장하고 싶은 그런 영화에요,1
음악이 진짜 멋있었다는 ~ 반담의 최고의 영화,1
언제 만들어졌나요? 평점이 일베충스러운,0
진짜 감독이라면 이영화의 연출력과 구성력을 본받아라 흔히 있는 소재로 이렇게 볼거리를 만들고 이야기를 만드는것은 쉽지 않다. 전부 반성해라,1
지금까지 그의 작품 모두가 들어있는 영화다~,1
이게 이준익감독 작품이라니. ㅎ 김민정은 그떄는 귀요미였다면 지금은 여신이네.. ㅎ 너무 이쁘다...,1
넘 재밌게 봤습니다. 감사할 따름입니다. 담에도 부탁드립니다~,1
좋아요. 좋습니다. 유익합니다.,1
무얼말하는지도 모르겠고 또한 자극적이지도 않다..이도저도 아닌..그저그런삼류영화,0
이 영화 덕분에 그나마 음식 프로그램이 조금 나아졌다.,1
매우매우 재미있어용 강추 강추 ost도 쫭 겁나 조으디,1
히트맨2로 히트맨 후속작? 관객들 낚시?,0
같은 이름 다른 몰입도......,0
그로테스크한 느낌. 그냥 제니퍼 제이슨 리 때문에 본 영화.,0
낮짝도보기싫다이런쓰레기 누가 수입해다 파는겨,0
"그리운,,,,,,,,,,,,",1
강의때 본건데 찾아서 다시 봤던 영화!,1
진짜 명작ㅎㅎㅎ 정말 지금봐도 이만한 액션영화가 없죠. 요즘 보드워크 엠파이어 보고있는데 부세미는 진짜 멋있게 늙었네요ㅎㅎㅎ,1
정말재미있게봤습니다.크게웃어가면서요ㅋ,1
정말 재밌고 감명깊은 애니메이션.레오 대게 귀엽고 사랑스럽다.,1
머냐 이 쓰레기 영화는..대한민국여자들이보면 큰일날영화임!안그래도 머리가 비어가는 대한민국 여자들인데!,0
"잔잔하니 볼만한 영화, 조니뎁 팬이라면 더더욱!!",1
Be with me!! 아버지의 눈물에서 눈물이 안나올 수가 없다,1
연기라고는 하지만 배구부원들 똘기가 장난아니다;;제목때문에 약간 기대는 할수도 있지만 12세 관람가라는걸 염주해두고 보시길ㅋ 아야세 하루카 이쁘다. 극우만 아니라면 좋을텐데 ㅜㅜ,0
사상 최악의 쓰레기중의 쓰레기영화. 흑인꼬마새끼 존나 죽이고 싶고 마지막에 뜬금없이 나오는 여자애는 뭔지.. 이딴게 6점이라니 역시 네이버 평점은 믿을게 못된다. 마이너스 평점이있다면 주고싶은영화 1점도 아깝다.,0
펜더 따라하기군 안봐 ㅡ.ㅡ별하나도 아깝다,0
막장드라마도 이런 막장드라마가없다! 에효효효효,0
농익은 유부녀의 사타구니를 조심하라. 만고의 진리니라~~,1
음악에 있어 인생에 있어 최고의 영화 .너무 아름다웠습니다,1
정말 감동적이고 눈물도 얼리는 영화다. 중간에 2마리의 개들이죽어서 슬프다.ㅠㅠ 하지만 6마리나 살았다는 건 기적이다.정말 ..,1
난 재밌었음 13년전.. 중딩때 보고 충격 먹었던 기억이 나네 ㅋㅋ,1
슬프다. 이 모든게 다시 반복될것만 같아서 더 슬프다.,1
1회 본 이후로 시간 날 때마다 정주행중.너무 재밌고 공감갑니다 :),1
진짜최고다 기적이다 다시봐도 재미있다,1
평점에 거품이 꼈네?그래도 정말 잘만든 드라마.상당히 센스있으며.나름 감동적이다.,0
내가슴에 잔잔한 감동을 통해 너무나 많이 울었다,1
피해의식의고어강간물이예술영화로둔갑된다여자가만들어서같은여자지만당혹스럽다,0
원작에 훨씬 뒤따라 주지 못하는 건축 스릴러.,0
이 영화를 좋아하시는 분들도 있다는게...역쉬 문화의 다양성! 갠적으론 말도 안되는 영화!,0
잘봤습니다 영화는 현실을 비추는 거울같습니다 현실만하겠냐만은 거울속에서 무언가를 찾는다면 현실은 좋아지겠죠 후반부가 조금만 정리됐으면 좋았을텐데.. 정말 아쉬운 마음으로 9점 찍습니다,1
아 추억이 새록새록...또보고싶다 ㅠㅠ,1
지가 유일한 혈청인데 말안듣고 도망가는 이기적인냔의 생존일기,0
상상력은 좋은데 이것저것 다 쑤셔넣은 슈퍼 울트라 잡탕,0
평점은 가장 낮은걸로 선택할께요둠스데이 막장최고의날이네요웃긴것도 아니고 그렇다고 재난영화도 아닌것이D급 Z급도 아닌 말로 표현할수 없는 그런영화네요눈만버린듯 하구요 이런영화를 돈주고 봣을경우 돈을 그냥 거지한테 주고말지 이런생각도 드네요ㅡㅡ,0
내인생 최악의 쓰레기영화.. 3류 에로물,0
도성시리즈 흑사회 나이트폴을 본 이후로 장가휘님의 팬이되었는데 어둡고 불확실했던 사람들이 하나의 행복을 위해 몸을 던져가는 영상을 보면 뭉클하기도하고 장가휘님과 같이 연기했던 출연진분들도 다시금 새롭게 보게되네요 인생에 꼭봐하는 영화주저말고 보세여,1
평점보니 더 보고싶어지는건 왜일까???,0
좀 촌스러울 수도 있겠지만 노래는 정말 좋아요...!! 스토리도 좋고...,1
이거 만들돈으로 수입해라.쓰레기 한국애니..2점부터 점수준것들 M창,0
솔직히 잼있다 ㅋㅋㅋ 비 연기도 좋고,1
당황스럽군;;;올레tv 나도 낚였고 / 공짜라고 해도 화내면서 안 볼 / 미취학아동용 / KT 쓰레기!! /,0
평점이 너무 후한데.....죽음을 코미디로 전락시켜버린 드라마....,0
풍족하게 사는 요즘 아이들이 보면 많은걸 느낄 영화,1
원작 소설을 찾아 보고 싶다.,0
그저그런 애니메이션... 그저그런 재미...,0
정치를 너무 희화한 듯 하고 네이버 평점이 낮아 안보았는데 지금 보니 괜찮네요. 8점은 되는 영화.,1
역시 덤앤더머짐캐리는 역시에요,1
삼류영화 같습니다...그저그런영화..맞습니다..헐.반전이재밌긴요당황스러운 억지반전,0
여자들은영화를발로보냐? 여자평점8점ㄷㄷ,0
맨오브보다 낫다는 새끼들은 ㅄ? 맨오브는 빌런이 조드임에도 상당한 완성도를 보여줬다. 스토리만 조금 손보면 되겠지 . 그 교차 편집방식하고.. 반면 이 수퍼맨리턴즈가 7년후 영화인 맨오브보다 제작비도 많이쓰고 악역에 렉스루터를 쓰고도 재미없긴힘들거다,0
"아무리 자본주의 사회를 까는 메세지를 담고 있다고 해도 영화보고 정신적인 충격 먹거나 싸이코패스 등의 성격 가지기 딱 좋은 영화인거 같음, 의도는 좋았으나 영화 자체 스토리가 너무 잔인하고 어린아이들에겐 꽤나 충격이 될만한 영화임",0
장서희씨 때문에 10점 만점ㅎㅎ,1
내가 본 프랑스 영화중 최고~~ 쵝고의 로맨틱 코미디!!!,1
"인간의 추악하고 이기적인 다중성, 불편한 현실을 씁쓸하게 투영하다.",1
대사 하나하나가 참 좋았던.. 따뜻하고 위로가 되는 드라마..^^,1
정말 좋고 카메라로 찍는거 다좋았다 근데 뭔가 부족한 느낌이든다 그래도 좋다,1
평점 좀 높여줘야 당근인 영화~ 마음이 따뜻하고 좋네~ㅋ,1
전쟁 소재 영화 치고 다소 임팩트가 약함,0
너무 스토리가 껑충 껑충 뛴다 자동차 보여주기에만 열중한 한심스러운 작품,0
에몽이 극장판 중 최고죠..풍경도 너무 아름답고..동심으로 돌아가게 해주는,1
마음에 드는 영화였어요~ 첫 장면부터 특이하고! :D,1
왜 평점의 글들에 반대가 이유없이 50프로 가까운가요? 이 영화 강추합니다 배우들 응원합니다,1
의도하는 바가 무엇인지 잘 모르겠네요.내용이 산으로 가는 거 같아요..옛날 영화라 그런가 무리수가 넘 많은듯..남자주인공 풋풋함과 여자주인공 몸의 굴곡이 만들어내는 아름다움이 재밌었네요.여자분 처음보는 배우인데 이하늬+손예진+아이유 닮았어요,0
정말 재미있게봤던 시트콤 하이킥 보다 더 재미있다 ㅎㅎ,1
영화를 보며 이렇게 소름돋은적이 없었다,1
짜증나는 비명만 생각나는 영화~!,0
한마디로 표현해서 답답하다.,0
십몇년 후에 다시봐도 넘 재밌다 ㅋㅋㅋ귀여운 영화,1
따뜻하고 행복한 여운이 오래오래...,1
김재원연기잘하고멋있음 하지원이쁨 근데 ㅅㅂ하지원연기때문에 보다가끔 아오,0
정말 시간 아까운 최악의 영화....배우 출연료가 아깝다. 브로스넌과 맥그리거면 그래도 출연료도 꽤 할텐데.....평점 1점....,0
나는 엄청 재미있던데 별로면 말고,1
OOO기같은영화 정말 이것도 영화가 집에서 다큐찍은게 훨씬 재미있겟다 시지 토나올것같은 돈아까워 죽겟음 내3500원 다운로드비ㅠㅠ,0
그냥 놔두시지 그러셨어요...,0
2014년도 작품이라니 가히놀랍다 나는전설이다 좀생각나는정도...?,0
모두가 형제 자매다....잘 봤습니다.,1
1점이아깝다0점있다면0점도아까웠을테지ㅋ,0
감동적이고 재미있음 추천이요,1
보다 말았읍니다 진짜 못보겠네요 재미도 없고 ...,0
인생 영화다!!!말이필요없다,1
결론은 바람피다 걸리면 여자만 비참하고 간음하지 말지어다???,0
다작의 폐해인가...스토리도 액션도 주윤발도 아쉬운 모든게 아쉬운영화,0
기대가 큰 만큼.. 실망도 큰법인거지..,0
자폐적인 영화에 공감... 왠만큼은 이해하게 만들어야할 것 아니오?,0
죽음이 토핑된 깔끔한 우디엘런의 브런치,1
도데체 세상을구하겠다는데 무기를쓰면왜 안된다는거지,0
서미도 끝까지 재수없게 구네 죽엇어야 했는데,0
뒷 수습할 준비 되셨습니까?,0
이런 류의 코믹물 중에서도 최하급이 아닐까 싶다,0
소재는 정말 좋았는데 이걸 이렇게 까지밖에 만들지 못했을까.,0
제목이 맘에든다 그냥 침몰해라,1
방금 영화는 보고왓는데 평점이 궁금해서보러옴ㅋ근데 위에댓글넘웃기네 스토리가 산으로간대 아ㅋ,0
진짜 깔끔하고 좋은 영화인데 평점 왜 이러지; 어린 애들은 제발 맘대로 장난치면서 평점 안썼으면 좋겠다...제목이랑 다르게 유쾌하고 가벼우면서도 현실적인 영화,1
와..난 진자 이거보고 너무 무서웠다15세임에도 불구하고 스릴짱이었음..평점 왜이런지 이해불가,1
난 도대체 이 영화 평점이 이정도 밖에 안되는지 이해를 할 수 없다10점 만점중에 20점을 줘도 모자를 판에 어처구니 없네 이 영화 엉터리로 평가한 평론가들,1
옆동네 몇몇 평론가들의 어줍지 않은 글귀 읽을필요 없다. '훌륭한'영화는 아니지만 '좋은'영화인건 분명하다.,1
"영화 찍느라 고생 많으셨습니다..저도 보느라 고생 많으셨습니다..긴장감 제로, 몰입도 제로, 주상욱씨가 나오면 드라마 보는 느낌양동근씨가 나오면 또 드라마 보는 느낌참 안타까운 영화였습니다.",0
알고보면 죠스의 고향은 ...노량진 수산시장이다.한마디로 무뇌아들의 향연.,0
정신적인 측면과 새로운 소재를 잘 다룬 영화.,0
너무 재미있게 봤다. good,1
삼류 에로영화입니다. 남녀주인공 다 연기도 못하고,0
"텅빈 마음을 채워주는, 같은 상처를 갖은 사람.",1
무조건본방사수하는 유일한드라마,1
곤충들 너무 귀여워요~~아이들과 함께보기 딱이네요^^어른이봐도 너무 재밌고 감동적이기까지하네요,1
일단그냥...10점드림... 잘보았어요 마지막 그냥 머리아프네요ㅋㅋㅋ,1
1시간을 밤고구마 멕여놓고 15분동안 사이다 주는 영화. 정말 아줌마 행동 때문에 답답해서 죽을것 같을때 흥신소 고용. 두 OOO 한번에 잡아서 일타쌍피 사이다!,1
피아노 치는 대통령과 더불어 최하.,0
세뇌는 없는 사실을 왜곡해서 강압적으로 사상주입을 시키는게 세뇌고 북한 실태를 다룬게 세뇌면 실제 북한이 저러지 않고 평화로운 민주주의 국가라는거냐 저 아래 han0 OO. 지금까지도 강제노역에 인권탄압에 숙청을 강행하는곳이 북한인데 세뇌는 염병ㅉㅉ,1
이거 완전 호불호가 갈리는 영화임. 나는 재밌게 봤음.,1
한국 슬래셔의 처참한 시작. 모든 출연진이 어색하고 매력도 없음.,0
보고 기분 더러워진 영화...,0
84년생인데 이영화가 혼자영화관에서 본 최초의 영화. 극장에서하루종일앉아봤다,1
가족에 대하여 다시금 생각하게 되네요ㅠ,1
신선한 아이디어는 좋지만 연출이 OOO기,0
이 영화가 내 얘기라면 점수10점 만점을 줄 수 있을까?,0
결말만 좀 참신함.. 내용 전개나 캐릭터 설정이 빈약함.. 쓸데없이 비행관련 지식 설명이 너무 많이 나옴.. 그냥 중간중간 잘라서 비행안전교육 참고자료로 쓰면 좋을 듯..,0
하나의 미술작품을 보는 듯한 아름다운 영상미의 감동적 영화,1
1점도 아깝다. 쓰레기 영화. 킬링타임이란 단어 써주기도 아깝다. 존나 어이없는 영화. 씨발영화,0
리암 니슨형 엄청 고생하면서 찍었는데 영화 자체는 드럽게 잼없드라.,0
이영화는 그 영화가 아니지만 코리아....라는 영화 이름에도 가슴이 찡 울린다 우리가진정 같고 싶은건 꽉막힌 세상이아닌 한사람 한사람 추억을 가지는것 같다. 북한은 다른 나라가 아닌 우리나라다 북한을 되찾는게아니라 마음을 맞추는 것이다,1
시간 때우기에도 못 미치는 영화..............,0
네이버 무개념이냐 그 반전을 줄거리에 써놓으면 어쩌냐,1
진짜 중간에 보다 나오려다 참았다... 끝나고 그냥 나올껄 했다... 말이 필요 없다,0
369게임 할때가 가장웃김 ㅋㅋㅋㅋㅋㅋㅋ,1
강추! 오래됬지만 재미있는 영화!,1
드라마를봐도 드라마의의미가 안나오고 스토리가 부실함.,0
굿 많이들 보시면 좋겠습니다!!,1
내 평생 최고의 사극☆ 정말 짱이었엉♡,1
내가 감독이라면 다시만들고 싶은 소재,0
"소오강호의 본 스토리에 크게 어긋났을 뿐만 아니라, 영호충이라는 바보는 자신의 실수로 집안을 하나 멸망시키고도 미안함 하나 없이 스토리를 쭉 진행하는군. 원작은 10점 짜리인데 이건 사실 1점도 아깝다.",0
어이상실의 한계를 깨준영화..그래서 10점ㅋ,1
이렇게 작품성없는 애니가 무슨 9점대임..?딱 8점대초반이면 딱일듯..,0
그놈의 발연기에 허약한 시나리오에,0
보는내내 광대 승천하게하는 신하균의 로코연기!이게 마흔살에 가능한 연기력이란 말입니까?그의 연기의 한계는 어디까지인가요항상 기대하게되는 배우입니다^^,1
종합 평점은 2점 드립니다.,0
너무 재밌어요 3번 보고도 또 보고 싶어요 2(나와라),1
코미디 범죄 영화의 교과서.,1
몇 년이 지나도 여운은 잊혀지지 않는다. 보는 내내 마음이 아프고 슬펐다.또한 이 영화가 실화였다니.... 이것이 바로 현실을 보여주는 것이 아닐까.어른들의 무방치 속에서의 현실.,1
ㅋㅋㅋㅋㅋㅋㅋㅋㅋㅋ 최고다~정말 재밌고 웃긴다~,1
평점이 너무 높아서 내립니다,0
마지막편 너무 무서운데 웃기면서 되게 기분이상해지는 편이었음 ~ 올해도 3나오나요 ?,1
정말 재밌넹 ㅠㅠ쩐다 재밋다구 재밋어!,1
최고네요!!1년이 지나서야 보게됐지만. 너무 좋아서. 너무 잘만들어서 첨부터 끝까지 내리 봤습니다~ 이민호 너무 멋져서 그동안 출연한 작품들다 훓고 잇어용!! 정말 재밌는 드라마입니다^^^^,1
차돌바위는 30년전에 만화영화다,1
목표(?)물을 봐도 너무 느려터진 좀비들 덕분에...여유롭게 챙길거 다 챙기고 도망갈 수 있었던 쥔공허접하고 매우 엉성한 설정과 배우들 연기...70-80년대같은 느낌의 색감과 영상...,0
아 정말 아들ㅅㄲ때문에 진심빡친다,0
"""""""억지로 웃기려드는 졸작영화 볼때마다 """"""""황산벌 만큼만 웃겼으면 좋겠다"""""""" 라는 생각이든다. 어렸을때 아무생각없이 웃으며 봤지만 은근히 기억에 남는 명작이다""""""",1
"코믹,감동,사랑 모든게 발만 담구고 수건으로 닦지도 않은느낌.. 아담샌들러의 코믹을 좋아하는사람으로써 한없이 부끄러운작품 ㅠ",0
정말 흥미롭게 봤음! 인간이 저렇게 변할 수 있다는 것.. 성악설,1
난 재밌었는데 평점 너무 낮은듯. 명작까지는 아니지만 이정도면 볼만하다.,1
양심좀 있어봐라 이게 어떻게 10점이야,0
흠~ 지루하네요 대사도 별루 없고 기억남는 것도 없고 여운도 남지 안네요;;;ㄷㄷㄷ 보기 시작한거니 봤는데 졸음 참느라 혼났음;;;;,0
유역비는 예뻤다 끝! 무협영화가 좋아서 봤지만 유역비 빼고는 눈에 들어오는게 없네요! 시나리오도 허술하고 후속작은 계속 만들 모양이던데 이대로라면 보고싶지가 않습니다.,0
예전에 책 재밌게봤는데 영화도 잘만듬,1
쓸데없이 까고 부수는 영화보다 이런 영화가 많이 나오면 좋겠어유. 보는 내내 가슴이 많이 아팠네유. 사진 속 여자 아이는 할아버지가 구해준 아이였네유. 할아버지를 보면 여러가지 생각이 교차하네유.,1
전체를 보지않고 쓸데없는 샷에 감정이입을하니 관객이 영화에 집중을 못하지. 영화 전체에걸쳐 쓸데없는 장면이 많고 오히려 쓸데없는 샷에 필요없이 감정을 넣어 전체의 분위기를 흐림,0
이건...뭐 돈이 남아돌아서 이딴걸만드는듯....유니세프에나 기증하지,0
이때부터 스티븐 시걸의 매력에 푹 빠진것 같다.,1
흠............뭐라고할말없음.,0
서독 대학생을 총 쏜 경찰이 동독 비밀경찰 슈타지의 스파이로 최근에 밝혀졌죠,0
숨죽이면서 봤다. 이런느낌 느끼려고 영화본다.,1
지금까지 본 드라마중 최고...여운도 남고 내용도 ost도 다 좋았던 드라마..ㅠ상어 잘가 한이수 잘가,1
몇 번을 봐도 새롭고 사랑스러운 영화뻔하고 진부한 스토리지만 분명 뭔가 다른 영화,1
일본에서10주년 극장판만드는데 우리나라에선 10주년으로 재개봉하니이건 좀 ㅄ 아님?,0
"아, 진짜 웃긴다...프랑스 영화 정말 싫어했었는데 이 영화는 열외~",1
평점에 속았다..ㅠ.ㅠ 사회문제부각한 영화에서 교훈 얻을 분만 보셈.. 완전재미없음,0
납치하고 뭔지호기심은 유발 됐으나 긴장감도 없고 외계인인지 장난감인지 미국영화18,0
무식의 위험함을 솔직하게 그려냈네요. 역시 배워야 함.ㅎ,1
하얀거탑보단 아니지만 재미는 있다,1
여기에 별점5개준사람 초등학생이다에 올인 진심 이렇게 화나는 영화 처음봄,0
평점이 왜이렇게 낮은거지 ... 전 정말 재밌게봤습니다,1
...................,0
흥미진진 재밋었어요~!(^-^)/♥,1
인내력으로도 못 보겠더라. 인물들 모두가 하나같이 안 어울린다.,0
나 참 이런 쓰레기 초딩만화를 어른이 보다니.....,0
그냥 불륜 드라마인줄 알았는데 의외로 재미있는 영화였음,1
꽃이피는 첫걸음 이후 정말재밌게본 p.aworks의 대명작이라 생각한다 초반에 약간 지루한감이 있는듯 했지만 2쿨로 들어서면서 캐릭터들의 심리갈등이나 스토리전개 에서 최고의 작품성을 보여준거같다 이정도면 ova나 극장판도 한번 기대를해본다,1
지쟈스 무슨말이필요해 모두내작품이라고불러어우어우역겹다감독,0
저는 이거 보고 정말 끝나면서도 계속 울음이 끊이지 않더군요..정말 너무 감동적네요,1
영화의 기본 설정은 좋으나 나머지가 싫다.,0
1939-1940 핀란드와 소련의 겨울전쟁을 제대로 그린 전투영화..,1
투사부일체랑 똑같다 OO색기들,0
형이 10점주는건 일단 봐도 된다,1
쥬라기공원을 처음 봤을때의 충격을 다시 느낄수 있을줄이야..,1
최고네요.. 정말.. 굿...,1
보다 중간에 나올정도로 어려운 영화,0
진짜 재밌었다ㅠㅠ 뻔하디 뻔한 연애스토리나 막장에 막장을 달리는 다른 드라마들과 클라스가 다른 작품.. 역시 노희경작가라는 말이 나올정도로 대단하다.. 잊지 못할꺼에요 괜사ㅠㅠ,1
해피해피브레드보다 지루했어요,0
갈수록 흥미 없고 제작진에게 배신감 느낌 뭔 정글(야생)에서 핸드드립커피야!! 휴가 갔냐?? 어이없어,0
재밌음 요즘 영화는 이런 소소한 재미의 영화가 안나와 아쉬움 헐러우드 따라하는 영화보다 이영화가 백배남,1
현실을 직시하고 처절할만한큼 희생하는 어머니를 볼수있었습니다.,1
너희들의 평점을 내가 기만했구나 미안하다.. 이영화를 비로소 시간의중요함을 알게되었다.,0
어휴... 관두자.. 뭐라 쓸 말도 없다...,0
난 이런게 좋아! 보면서 눈물ㅋ 나라면 어떻게했을까?왠지모르게 슬프다... 계속 생각난다ㅋ,1
깨방정 속에 진심이 묻어나는 ㅎㅎ참 잘했어요최고임 이제...다음주부턴 어쩜?,1
춘향이가 완전 변태같이 나오는군요 가도 너무 갔습니다. 완전 한심하군요,0
NG장면 치명적 오류부분은 마지막부분에 지구가 행성과 충돌한다는 한시간30분전에는 신부의 조수(꼬깔모자쓴)라는 사람은 없었는데 사막도착후 뽕 나타나서는 네개의 돌앞에 서서 한숨쉬며 돌작동을 돕고있네요 첨에 우주선도 못탔던사람인데 순간이동??장난치남,0
"삶과 죽음의 축제라... 괜찮네요,,",1
아... 윌리스횽.. 염색머리 넘 잘어울려..,1
"작가가 만화책을 본건지 의문이들정도다. 삼각관계, 적은 음악 비중, 쓸데없는 갈등...참.. 배우들이 아깝다.",0
서양의 사고방식에 익숙하다면 정말 대박웃고 재밌을 영화~ 주인공&조연 연기 베리굿~,1
"정말 잘 만들었다.....스토리도 괜찬고......나팔소리 아직도 생각난다,",1
크리스찬베일을 최고의배우라고 칭하는 이유를 알게해주는 작품!!! 특히 배트맨비긴즈를 끝낸후의 차기작이란게 믿을수 없다. 배트맨비긴즈보고 이거 보면 진짜 입이 떡 벌어짐,1
최고쥐~!!! 이게 영화쥐!,1
아... 제발... 요새 드라마든 영화든 시원처럼 투블럭하고 나올때마나 적응도 안되고 집중도 안된다. 특히 사극이나 판타지 사극할때 머리 다 풀어헤치고 나올때.. 해품달봐봐 판타지사극인데도 복장은 제대로 하고나오잖아. 이민호 나온드라마 그거보면 하.,0
진짜 재미없다. 송삼동 연기 신인 뺨치네 더럽게 못한다.,0
재.미.없.음.. (난 거짓말안함),0
그의 영화는 항상 영화가 끝나면 사람을 멍 때리게 하는 뭔가가 있다.,1
처음엔 그냥 돈에 관련된 납치극 그리고 해결하는 모션의 영화인줄알았는데 알고보니 치밀한 복수극을 그린 영화다,1
오글거리긴 했지만 개인 취향 존중좀ㅋㅋ자기랑 관점이 다른 걸 뇌구OO지 들먹이면서 OO할 건 아니라고 보는데 안 그러냐 베플에 the9****아?~,1
마지막에 감동... 현재 삶에 대해 큰 메시지를 던져주는 영화,1
어설픈 긴장감 개봉했다는 사실이 놀랍군..,0
익 보고 재미를 느끼면 용자.,1
"사랑과 집착에 관한 영화입니다. 이별하고 싶지 않은 남자의 마음에 공감이 되기도 하네요.. 남자배우 연기와 여배우의 연기의 갭이 커서 아쉬워요 여배우로서 정말 힘들었을 노출연기한 용기에는 박수를 보내지만, 영화몰입을 힘들게 합니다 ㅜㅠ 독립영화홧팅!",1
수다스런 여자들이 좋아하는 전형적인 C급무비,0
너무 재미있어고요~~ 계속보고 싶은데....끝났어(づ￣ ³￣)づ,1
시즌1부터 한번도 빠짐없이 다봤는데ㅠ이제 고3이라 어쩔수없이 재방봄막영애너무재밌어요ㅜ,1
평점1점이상준놈들알바라는거애 내 손목과 전재산 건다,0
이게 나온지도 벌써10년이 지났네 지금 나오는 영화퀄리티랑 맞먹을정도의 영화다,1
"디즈니의 망작중에 망작,,,스토리가 하늘로 승천하는",0
여자감독중 거장이라 할수있는 유일한 홀란드 감독...최고,1
시종일관 우울한 트리스탄의 얼굴을 보는게 짜증스러웠던..,0
여섯살때 본 기억이....ㅋㅋㅋㅋㅋㅋㅋㅋㅋㅋㅋㅋㅋㅋㅋㅋㅋㅋㅋㅋㅋㅋㅋㅋㅋㅋ,1
정체성을 생각하게 하는 영화...,1
간만에 설레면서 본 영화!!청춘이네요ㅎㅎ,1
주체적 여성을 보여주는 흑인프린세스 영화.. 틀을 깬 프린세스 영화...넘 사랑스럽고 ost도 넘 좋음... 티아나 매력있음.. 디즈니돌 티아나 사볼까함,1
아 정말 짜증나게 죽이고 싶은 킬러네요,1
"이따구로 만들었는데 제정신이 있으면 2편 안나오지, 애들에게도 이런건 못보여주겠다",0
말도 안되는 드라마에 감동먹었다는 사람은 제대로 된 작품분석력이 없는 사람들이다 이게 억지의 헤피엔딩이라는 것 못 느끼는 바보들이다 저질작가와 연출가 너네들 자질 미달이다 기억해라,0
솔직히 재밌긴한데ㅋㅋㅋ진심세명에서만난건 새롭다!!..멋잇음!! 유세이쪼앗..ㅋ,1
하나같이 빛났던 연기자들의 명연기와 기가 막힌 시나리오...수작. 링크 타고 본 소감 남겨 봅니다. 아직도 이 영화를 소장하고 있어요..^^,1
저절로 미소가 지어지는영화!,1
댓글이없어졌나 다시남겨요 (이런거 첨남겨봅니다) 왜 잘차려진 밥먹고 포장해서 남자 솔로방송인들 찾아가죠? 페미니즘 때문이라고 할수도있겠지만 여자들찾아가는건한번도 못봤네 방송 취지는 뭐죠?,0
보면서 웃지 않는 건 불가능하다,1
"서극과 B급영화의 어설픈 만남,.",0
배경이 아름답고.. 큰 일을 하는 사람을 사랑한다는 것은 힘든 일인듯.,1
알바들 때문에 균형을 맞춰줘야지,0
이 영화를 보고 로빈 윌리엄스의 팬이 되기로 결심했다... 좋은 곳 에서 행복하세요...,1
첫날관객 567명이라는데 그럼 많이벌어야 500만원?,0
9점주신분 이해가 안가네요.,0
스토리도 재밌고 배우들 연기도 좋았음.,1
박혁권씨 연기 잘하네요. 김예리씨 매력있어요. 정지연씨 약역.. 실감나네요 ^^,1
요즘 유일하게 보는 드라마인데 현실에서도 저럴수 있을까?고민많이 되는 드라마....암튼 재밌다.ㅋㅋ,1
웃으면서 봤다가 울면서 끝나는 정말 불쾌하고 슬픈 영화다['ㅁ'],1
1박 넘 재밌어요 시즌1때 팬들 다시 다 모여라 얍~~~!!,1
내가본 판타지시리즈중 해리포터 다음으로 최고,1
의료는 원래부터가 민영인데 왜 자꾸 민영화 민영화 하는거지.. 나라에서 지원하는 보험 같은 게 민영화 될 경우 문제가 있는 거지... 무식한 사람이 무섭다더니..,0
그냥 마음이 계속 부글부글하고 눈물이 주륵주륵나더라 왜인지는 모르겠지만 계속 쿵쾅쿵쾅거렸다 내가 실제로 보는 것보다 더 아름다운 영화.,1
평점이 ...이정도라니... 난공감할수있따...현실에서도충분히일어날수있다고생각,1
잘 만들고 생각해보게 되는 영화다,1
멋진 애니네요~~어른이 봐도 재미있었음..,1
보는내내 부녀자들의 탄성으로 가득찬 120분.,0
저는 개인적으로 재미있게 봤어요. 특히 로봇에관한 에피소드는 우리가 속해있는 사회와 우리가 나아가야할 올바른 방향성을 조금이나마 생각하게끔 하였어요. 생각해야할 범위와 수준은 아주 어렵지만...,1
뭔이런쓰레기가 평균평점이 육이나되는거지..?,0
초반 5분의 무대사 숏들이 관객을 압도해 버린다.,1
더도 아니고 겨우 제목에서 기대되는 딱 그만큼. 고로 시간 낭비.,0
이제 홍콩영화를 그만 봐야 할 때가 되었나? 어라. 이건 중국 영화네... 음...,0
Mr김 지금 현재만해도 충분히 불쌍하거든요. 태진형과의 관계까지 보태지 않아도요. 보고나면 가슴이 답답해집니다. 감동까진 기대안해도 일반상식수준은 맞춰주세요.,0
쓰레기이거 볼바에는 차라리 28시리즈나 보겠다,0
아나 미치겄다. 이거 왤케 웃기냐. ㅋㅋㅋㅋ,1
밑에 여중생 압사사건이랑 이영화랑 연관짓고 평점2점주는 사람은뭔지..,1
기대보다 너무나 못했던 실망적인 작품. 심심한 각본과 짜증나는 전개,0
전 이영화가 무슨영환줄모르고 tv나와서 봤는데 재밌어요!!!야이런씨세이야~!ㅋㄷㅋㄷ,1
처음에는 나름 좋았는데 아쉽다...허나 배우들이 많이 나오네~ㅋ,0
좋은 노래를 듣게 돼서 좋았습니다.,0
-10점을 못주는게 한이다... 탑은 도대체 무슨빽으로 이영화를 찍엇나?,0
에휴;; 같은 한국인으로써 부끄럽다,0
평점 6이 적당한데 다들 10점 줘서 평균 맞출려고 1점 줌.결말이 뻔히 보이는 지루한 영화라 내 기준엔 반전이 없었음.보통 결말 알아도 재밌게 보는데 이 영화는 전개 자체가 너무 지루함.,0
멜 깁슨에게 보여주고 싶은 영화,0
류현경씨와 안내상씨야.. 연기력 알고있었구요.. 완전팬임.. 더불어 아들 연준석군과 엄마 김소희씨 그리고 친구역인 김동영씨. 대박!!임.. 김학선씨 고세원씨 여민주씨..그외 조연분들도 참 연기 고맙게 잘 봤습니다. 천직인듯..,1
부활보다는 조금 못하지만 그래도 멋진 드라마!,1
잠수함영화의 끝판왕..ㄷㄷㄷ 말이필요없음..,1
이건 아니잖아.............................. 심심... 지루..,0
"별기대 안하고 봤지만 위대한 인물을 알게 되었다.., 2시간이 쏜살같이 느껴졌는데 느낀것은 그 이상이다.. 죽음을 두려워 하지않는 보복을 두려워하지 않는 강인한 정신을 깨운 영화다",1
"소재가 아주 참신한 것은 아니지만, 이 정도면 스릴러 로선 충분히 재미있다.",1
아저씨가 늙어 치매가 와서 경로당에서 깽판부림,0
진짜마지막까지좋은인상남겨주셔서감사해여~,1
대마는 힘이 세지만 영화는 거짓만 늘어 놓는다,0
아... 나 이거 왜 본거냐.... 잠이나 처 잘껄...,0
이건 종교를 떠나서 당신은 혼자가 아니오 서로사랑하며 살자 이메세지전달을 위해 짜여진스토리가 너무 지루하고 감동이 없어요이런 영화가 평점이 높다는게 도무지 이해가 안되며 기독교인이라해서 무조건 평점을 높게 주는거보면 우리나라 종교수준 참 뭐같네요,0
서로 낯선이들을 등장시키면서도 철저히 가족애만을 표현했다.,1
그만 좀 해라.또 데모하고 또 도망가고. 그만좀 같은 얘기 질질 끌지마라.또 똑같은 얘기를 지겹네,0
"마지막에,글렌 클로즈가,분하는 여주 아이언 포레스트가,마이클 더글러스가연기한,남주 댄 갤러거의 딸 아이를 데리고 그대로 어디론가 사라진다면,정말 무서웠을 듯...공포영화 뺨치는 결말이 필요했음.연기만 가지고는,전형적인 헐리우드 엔딩을 피할수 없다...",0
"마지막 이완 맥그리거의 나래이션을 듣노라면, 당신은 뭐든 할 수 있을 것이다.",1
지루하긴 했지만..괜찮았음. 심은하는 여전히 매력임.,1
세상 어디에도 없는 고품격 로맨스.,0
내가 본영화중 가장 기억나고 1위영화,1
내면과 외면의 아름다움을 가지고있는 와리스디리의 감동적인 실화 꼭 봐야할 영화,1
전 정말 재미있게봤는데! 'ㅁ' 평점 너무 낮아서 올려놔요,1
재난 대책은 이렇게 해야 한다. 다시 봐도 시대가 지나도 전혀 손색이 없다,1
이문식씨 팬으로서 정말 눈물날뻔 했어요.. 우째 이런일이,0
"묵시록, 적막한 공포를 느꼈습니다.",1
심사위원 왜이러냐ㅡㅡ 유희열말고 돈맛에 쩌든 누구누구때문에ㅡㅡ,0
배종옥 참 좋은 배우이지요. 방은진도 참 잘하네요.,1
사랑해요 심슨! 내가 가장 좋아하는 만화,1
보긴 보았는데 기억에 남지 않는다,0
주인공이 대통령도 암살할 수 있을 법한 능력자라는 설정부터 최악이었다. 개연성 제로. 차라리 분노에 찬 평범한 아빠가 10년 동안 치밀하게 계획했다는 설정하에 개연성 있는 살인들을 보여줬다면 훨씬 좋았을텐데..,0
"섹스라는 건 야하고 퇴폐적이고 부끄러운 것이라고 생각했던 17살짜리 여자애였던 내게, 섹스가 서로를 위로하는 진솔한 스킨쉽일 수도 있겠다고 생각해주게 해주었던 영화.",1
조용히 내 기억속에 사라진 영화....,0
괭이때문에 ㅅㅂ 더 이상은 생략한다,0
밑에 1점중 한국영화는 죄다 10점준 OO자식은 뭥미? 더럽게 짜즈나는 영화,0
"멋있을 수도 있는 게 하나도 안 멋있고, 감동적일 수도 있는 장면에 아무런 감동도 느낄 수 없었다. 그냥 엉터리였던 거 같은데, 평점이 높네..",0
엔딩 장면이 좋고 소소한 일상과 고민과 연애가 공감을 주어 재밌게 보았어여~,1
가족을 팔아 돈 벌이 한다고 ㅆ부리는 인간들.엄격히 말하면 감독은 자신의 가족을 희생하였다 해도 무방하다. 해외동포들가운데서도 이데올로기적으로 가장 북조선과 가까운 조총련계 재일동포들의 ’조국’에 대한 불편하고 복잡한 메세지를 던지고 있잖아~!,1
노티힐 9점줄 시간에 해서 1점이나 더 올려줘라 ㅡㅡ; 노팅힐보다 먼저고 창정이 연기가 이딴 평점에 묻히는게 아깝지 않냐? 난 10점이다,1
박중훈 영화 중 보아서는 안 될 영화 중 하나,0
왜 평점이 낮은지 모르겠네요저에겐 너무 좋은 영화이자 늘 소장하고있는 영화입니다,1
뭐라적어야 할쥐.. 적는것도 짜증나넹...ㅋ,0
형사 버디물이 가질 수 있는 장점을 크게 부각하지 못한 이도저도 아닌 액션물,0
아 솔직히 졸라 지루해 ㅡㅡ,0
10점이 46%면 이영화는 안보는게 맞다,0
제작비와 스케일에비해 연출과 스토리가 너무나 아쉬운 영화..... 플래툰이나 다시봐야지...,0
슈렉은 1이 제일 잼있었지..,1
이런 노잼영화를 돈주고 본 내가 한심하다. 사실 내돈준건 아니고 친구가 보여준거긴한데 내가 저녁샀으니까 내 돈주고 본거지 뭐ㅠㅠ,0
-_- ;; 만들지나 말지...,0
진짜 답안나오네 헛짓제대로했네,0
이자벨 아자니 예쁜데다가 연기도 정말 잘한다..ㅇ,1
그럼 다시 444로 만들어 보깜?,0
별하나도 아까운 영화.연기를 너~~~무 잘하지만 뭐라 말로 설명할 수없이 어색하고 뻔한 스토리와 연출..진짜 이 영화는...억지스럽다.,0
"언니가 보자고 해서 억지로 봤는데, 괜히 내 몸이 들썩거림ㅋㅋㅋ",1
정말 다큐란 게 이렇게 재미있을 줄이야.,1
정말 좋은 애니메이션 이지만 오리엔탈리즘의 정점을 찍었다는 것 때문에....작품 자체는 백점,0
도대체 뭘 믿고 98분으로 해결하려 했을까?,0
볼만하다.이런류의 영화에 꽤 긍정적 결말도 신기하다 ㅎㅎ,1
이게 왜 뛰어난작품이야??또 무간도보다 뛰어나다고..웃기시네,0
초반에는 유머코드도 괜찮고 김하늘의 매력에 빠져 재미있게 봄. 중반부 넘어서면서 어설픈 첩보와 액션으로 지루해짐. 평점이 8점을 넘고 400만이 넘는 관객을 동원했다는 사실이 놀라움,0
명작 환상의 커플의 명배우 한예슬씨가 가장 기억에 납니다. 안 좋은 사건 기억하지 않으테니 이번 작품에서 화이팅하시기 바랍니다!! 작품하면서 행복하세요^^!,1
이건뭐 서로 헐뜯는프로인가? 서로 못잡아먹어안달이네들.. 김가연 그4가지는 원미연집에서 재첩국을 식탁옆으로 아예 밀어넣더구만.김가연4가지 다음으로 이재은4가지도 아우 귓방맹이를 한대딱때리고싶드라 컨셉이라도 본성이나오는법인데 김가연이 젤 재섭드라,0
"캐스팅, 연기, 음악, 배경 .. 모든게 좋다",1
독특한 설정과 화려한 액션!!,1
자연속에 내가있다! 운지운지운지!,0
TV에서 하는거 봤는데 못봐주겠더라 ㅋㅋ,0
장난함 ㅡㅡ? 돈주고 봤으면 토하면서 나왔을거야 ㅡㅡ,0
이건뭐...배우들의 발연기덕에.. 영화에 집중할수가 없다...스탭들 촬영 기술수준도 좀 낮은듯한...,0
뉴스에 나왔네요. IPTV에 최신영화라고 비싸게 팔아먹을려고 아무도 안찾는 거제도의 골목극장에 하나에만 상영해놓고... 지금 이 평점은 영화에 대한 평점이 아닙니다.,0
너무나 먹먹해지는 마음으로 봤지만.. 내가 과연 저들과 달리 에릭이 변할 수 있을거라 믿을 수 있었을까? 는 생각도 해봅니다. 사람을 죽이는건 칼로만 가능한게 아니라는 진리~,1
PPL로 얼룩진 상업영화의 몰락 . . 거개한 CF 를 보는듯함 !,0
뻔한 내용이지만 힐링이 되는 영화,1
그냥영화다 ㅎ 볼만한데 공포영화로는쫌;;,1
킬링타임용으로는 충분히 10점 가치있습니다.,1
16회 중 15회 남았다는게 슬퍼지려함. 박유천을 오래오래 보고 싶은 맘에...,1
"이런 폭력성 드라마는 무섭다. 좀 안보고싶다. 김재중 인상도 별로안좋고, 좀 나오지마라. 쓰렉 드라마. 애들이 보고 뭘배우겠냐 ㅉㅉㅉ",0
스토리가 약하면 연기를 잘해야 할꺼아냐? 국어책 읽냐?,0
감독이 미드를 너무 많이 본듯 ㅋㅋㅋ,0
장르가 스릴러인데 스릴이 전혀없는 전형적인 영화... 재미있다는 영화 구성 따라해보려고 한거 같은데 지루하고 재미없고 스토리도 별로고 전개 어색.. 망한영화의 표본,0
히어로물 매니아인데 나는 재밌게 봤다 판타스틱4의 시작,1
공연장의 그 감동 그대로^-^,1
어릴때 봤던 제일 기억에 남던 영화,1
보기싫은사람만 나오네..안봐야겠다,0
"코바야시 타케시가 왜 대단한지 알았고, 나츠가 왜 아카니시 진인지 알았다.",1
궁금증을 유발시켜 즐겁게 본 영화... 약간의 지루함도 있음...,1
토미 리 존스 너무 늙었다...왜 은퇴 안하냐?,0
족같은 영화다 -위에 평한넘들은 머하는 넘이지?-썅,0
깐느 영화제에서 상 받았다고 명화도 아니고 지루한 말장난과 멍청한 결론도 별로다,0
그저 그래여ㅋ 근데 평점이 너무 높아서ㅠ,0
별로기대안했는데 재미있고 연기자들 보는재미에 시간가는지 몰랐다 ㅋ,1
10점이 아깝지않다!!!왜이제야 알게된건지~너무 잘 봤다는,1
원래 7점 줬는데 아포칼립토 봐버려서...0.5점도 아깝더라고...김한민 감독. 지금도 안늦었으니 판권 사~~~그럼 다시 원래대로 7점 줄께...,0
정말... 최고였다는.. 칠레의 아름다운 자연에 푸~~욱 빠져들었던 시간이었다는.,1
감수성도 함께 늙어버린 를르슈와 두 배우,0
고준희도 연기자라고.... 쯧쯔....,0
스토리 참 신선하고 재미지네,1
"이용철은 무슨 듣보지? 박평식 평점은 그래도본인 생각 이라도 있지 이용철은 본인이 무슨 말 하는지도 모르는 초딩 같더,",1
아무리 김지운감독이고 애국심이라고 해도 이건 쓰레기다 진짜 ㅡㅡ; 머냐 이게,0
장진영님 하늘나라에서 편히 쉬세요.,1
전편이 질투를 일으킬만큼 잘 만들어진 속편,1
친구꼬임에 넘어가서 봤던 영화 돈 아깝다는걸 느끼게 해줌.,0
3.14 원주율ㅋㅋㅋㅋㅋㅋㅋ아낰ㅋㅋㅋㅋㅋㅋㅋㅋㅋㅋㅋㅋ,0
정말 쓰레기다. 감독도 다음작품 내지도 못했음 ㅉㅉ 여자배우 몸이라도 이뻤으면,0
내가 본 영화 역사상 최고의 결말. 이 말로 밖에 설명할 수 없다.,1
간만의 얼라영화 조엘리 피셔의 재발견,0
재미도없고....영화한편이 성경책이냐?,0
다들 노출에 후한 점수를 주셨네요. 저도 그러려고 들어왔는데 생각보다 후한 점수에 1점 드립니다. 영화시작 5분도 안돼서 팬티만입고 에이프런 두른 고은아가 추워서 난방기에 불쬐며 기침하는데..그렇게 추우면 옷을 입지??라는 생각만ㅋ,0
참나 ㅋㅋㅋ 어이가 없어서 웃는다 ㅋㅋㅋㅋ,0
김치국은 100년이지나도 이런영화 하나 나오기힘들꺼같다.,1
공포관련 실화라고 다 소름돋고 무서운게 아냐.. 실화기 땜에 허구보다 공포감이 못한 실화가 더 많은듯,0
팬티속의개미 & 아마레칸파이의 반도 못미칠만한 섹스코미디.,0
아 진짜 걍 이연희 옥택연으로 끝내지 ㅠㅠ아 진짜 완전 찜찜함...짜증 짜증 말도 안되는 스토리지만 재밌긴하는데 매우 찝찝 옥택 불쌍 ㅠㅠㅠ왜 이연희를 보내준거니.. 그리고15세 치고 야함,1
인생을살면서 거짓말이 필요할때도있다,1
"너무 안타깝고 가슴아프지만 순수한 그들의 모습이 아름답습니다.. 보는 내내 가슴이 한켠이 아리네요,, 내가 살고잇는것에 많은 불평을 하며 살앗는데 얼마나 부끄러운지.. 가족과 함께잇는게 얼마나 큰 영광인지 다시한번 깨닫게 되네요",1
액션 쓰릴 로맨스 리얼리티 모든것을 갖춘 최고의 영화였다. 마지막 열린 결말도 정말 좋았다. 10점 만점에 10점,1
어설프다 .. 감독 그래도 다른영환 괜찮앗다,0
액션없는성룡은어이없고명배우양조위의코믹연기에비해 영환최악,0
수호 수호 준멘 준멘 준렐루야~!!!,1
세대를 막론하고 공감할 수 있는 사랑이약,1
그냥 생각않하고 보면 개 재미있는데,1
알바드립치지마라. 난 진짜 보기 좋았다고,1
본인들에게는 즐거운 추억이나 상업영화로서는 함량미달,0
정말 감동적인 영화에요....,1
"2년이 지난 지금에서야 봤다. 찌끄레기들 때문에 평점 떨어질 영화가 아니다. 꿈나라 액션, 초딩 영화에 미쳐있는 애들은 평점 쓰지말고 걍 가라. 감독에게 배우에게 박수를 보낸다. 숨어있는 진주. 한시간 반동안 심장을 쥐어짜는 예술이었다..",1
끝까지 보기 쉽지 아니하다.,0
SF 영화의 교과서라 할 수 있지 않을까.,1
별기대없이 봤는데 애들이랑 즐겁게 봤네요.,1
보는 내내 유쾌한. 정말 유쾌한. 그리고 유쾌한.,1
'바람'감독님이라역시잘만드셨네요!재밌었습니다 좋은 영화 감사합니다,1
다큐보는 느낌이고 무슨 전개가 빨리감기 보는거 처럼 이어지는 느낌도 없고... .평점이 이리 높은지... 지루하고 몰입도도 없는 영화,0
재미쪄 ㅎㅎ신민아 짱좋음 ㅋㅋㅋㅋㅋㅋㅋ,1
흠... 만든 이유를 모르겠음...,0
믿고 싶지 않은 웨스 감독의 깜찍한 초기작,0
별빵개 아우돈아까워라ㅜㅜ1점도주기싫다는영화제목착각해서 안젤리나졸리나오는건줄알고봤는데 보다보니 안젤리나졸리안나오고 제목다시보니 잠자는숲속의미녀도아닌 미녀와야수라니ㅜㅜ 완전열받네요,0
정말 최고네요~~~~영화에서 다루지못한 다양한 매트릭스 철학등을 볼수있네요,1
공포영화인데 너무 안무섭다.,0
컴퓨터 전기세가 아깝다!!!,0
여주인공 완전 이쁘고 야수 포스 쩐다능,1
"70년대 에로물+신파물, 그리고 어줍잖은 상징주의..",0
이영화비디오대여점에서빌려보고카세트테이프샀던기억이.음악이무척좋았음,1
용가리는 별로임 용가리치킨도 맛 되게없음 고질라와 쥬라기공원이 더 짱재밌어 허접 쓰레기 영화,0
원작은 만화엿지만 데스노트하면 만화보다 영화가 먼저 떠오르는 이유는 뭘까? 이유는 잘 만들어졌기때문,1
재미 없는 사람들은 그냥 미국코드에 안맞아서 그런거임. 반대도 마찬가지고.,1
진미씨. 그러면 '북한인 아버지'가 나서면 분이좀 풀리시겠습니까? 별걸다 트집잡네. 그렇게 재미없게살다간 늙내만 풀풀풍기는 아지매 소리듣습니다.,1
이 명작을 개판으로 만든 영화... 각색도 적당히 해야지ㅋㅋㅋ 뭐하자는 건지ㅋㅋ,0
연예인 성우가 문제인 것도 있겠지만. 명수형이 연기력이 떨어지잖아 ㅠ 연예인한테 묻어가기 하니 애니 가치가 떨어지지.한심한 제작자들. 애니는 애니로 끝내야지 연예인이 묻어가기..참나,0
이런 걸 만드는 건 바보들인가?,0
쓰레기다..카메라맨 덕에 오바이트 할뻔했음..,0
너무 오그라드는 미국식 가족 회복기,0
재미있게 봤습니다 참 잘 만든 영화네요,1
그렇게 가는 겁니다. 삶의 진정한 의미는 그런거죠,1
런던의 퇴폐적인 분위기와 선혈이 낭자하는 팀버튼식 다크판타지. 생각보다 스릴도 있고 재밌네요.,1
첫주연작이기 때문일까? 고분분투하는 김수로가 안타깝다,0
"캬...부분 재생용 영화요!!ㅡ,.ㅡ;;; 머 장난하는 것도 아니고;;;",0
내 인생 최;고의 영화.. 정말 정연식님의 영화는 말로 표현할수없는 엄청난 힘이 있으시다 봉준호 감독도 인정한 .. 영화 우리나라의 큰 파장을 일으킨 절대적 전설의 시나리오 .. 세계가 주목한 영화를 보다니..,0
곱창먹는데 뭐 그리 다들 조심스럽냐.대사도 장면도 한결같이 부자연스런 최악의 영화,0
1점도 아깝다ㅏ샤말란 실패작,0
"야생에서의 생존, 그리고 알래스카를 좋아한다면 절대 놓쳐선 안 될 영화..",1
느껴지는 것이 많은 영화네요.. 보고난 후 많은 생각이 들고저를 다시한번 돌아보게 되었어요. 하루하루를 예쁘게 살아가고싶어졌습니다: ),1
드래곤볼 액션은 슈퍼맨 빼긴거야;,0
이건 뭐 킬링타임용도 안되네,0
골때려요 실화 배경이라니 더 유쾌하네요,1
맛으로 승부하기보단 정으로 승부하는거같았음...원작에서도 정에대한얘기가 나오기는 하지만 대부분 성찬이의 주관적인관점에서 끝났음 이건 정이라는 맛을 너무객관화시키지않았나합니다 원작전부도아니고 하나의에피소드인데 갭이너무크네요,0
난 너무 정신없고 재미없었음.,0
이 영화는 진짜 아름다운 영화다 이렇게 아름다운 영화를 만들수 있다는것에 놀랐다,1
밑에 평점 3점 준 넘. 죽이고 싶다...!!!,0
정말 재미있나?? 나는 이해 할 수 없다. 잉여 인간이 전부가 아니라. 열심히 훌륭하게 잘 살고 있는 청년도 있다.,0
이거 보고 정은지누나 팬됨 하하 너무 재밌고 평소 이상형이 털털하고 사투리 쓰면서 멋있는 여자였는데 딱딱 맞는듯 하하,1
"자녀들이 보아야 할 영화, 기봉이가 진짜 정상인 아들이다.",1
평점 높아서 봤는데 완전실망. 차라리 블리치가 더 철학적이다.,0
더스티는 레이스에서 우승하기위해 아픈 과거가 있는 훌륭한 지도자를 만나게 되고 맘이 착한 주인공은 어려움을 이겨내지요. 비행기가 보여주는 스릴과 하늘을 나는 벅찬 즐거움을 보여줍니다. 원어로 들을 수 없어아쉽지만 아이들과 함께한 감동적 영화였습니다.,1
밑에분말이 많는듯 하네여 톰하디 뜨니깐 톰하디이름걸고,0
"도대체 실체가 뭘까 했는데 역시나 과거의 트라우마, 죄책감, 무력감... 그럴 줄 알았어. 자식 잃은 부모의 상실감... 역시나 그게 메인이군. 시덥잖은 온갖 환영들도 새로울 것 하나도 없고... 엔딩부분은 임팩트가 있는 편. 식상한 영화.",0
아포칼립토가 너무 떠올라서 이 영화에 집중할 수가 없다,0
시대라는 시간속에서 죄아닌 죄를 행한 사람에 대한 이야기.,1
너무 기대했는지 재미없네...,0
영화 잘봤습니다. 특히 명희역을 맡은 유지인 이쁘더라구요,1
그냥 c급 드라마 같은 느낌임,0
말이너무없어서 재미는 없었지만 중간중간에 재미를 주었어서 괜찮았다,0
상노잼 아이가하나도안무섭고 영화관에서 돈내고보기 개아까움이건 희대의망작,0
애니를 능가 원작에 충실했다.,1
ㅎㅎ 보고나서 가슴이 따뜻해져서 몇분동안 히죽히죽 미소지어졌던 영화,1
차라리 내가 만든다. 10자 압박.,0
재밌다 ㅋㅋ리메이크로 다시 만들면 대작이 될것같은 느낌,1
처음 부터 끝까지 우울함. 웃을수 없습니다,0
궁금한이야기Y 진짜 매주보는데나레이션이바뀐건가.....ㅠㅇㅠ매력이떨어지네...,1
이런 영화가 별로 알려지지 않고 묻혀 버린것이 좀 아깝다.,1
튼튼한 각본을 살리지 못한 그때의 기술력을 원망할뿐,0
탄탄하고 신선한 소재의 스토리. 소름끼치는 느낌의 영화,1
숀펜 연기야 좋지만 ...뭔가 준할머니 할아버지를 억지로 주인공으로 새운느낌? 그닥 추천작은 아님,0
신민아도 이쁘고 주지훈도멋잇지만 너무지루....,0
개인적으로는 뭔가 알 수 없는 이런저런 아쉬움이 있는건 사실이지만 정말 좋은 영화임은 틀림이 없겠죠! 용쟁호투에서만 느낄수 있는 이소룡 모습이 있다는 생각이 드네요. 날렵하면서도 정말로 강인해 보이는 그 모습.. 이소룡이기에 말이 필요없을것입니다.,1
3d 입체효과는 갑인듯....,1
감독님 이거 왜 만드셧음? 이유를 묻고 싶어요,0
용의자 이딴영화가 8점대인데 이 명작이 7점대인게 이해가 안간다,1
아역때 정말 재밌게 봤는데 성인으로 바뀌고 잼없어요 어색한 연기에 캐스팅 넘 안맞음... ㅡㅡ 볼만한 드라마 생겨서 좋았는데 실망이네요,0
볼 때 마다 멋지다...개인적으로 최고의 영화다,1
졸리몸매 빼고 기억이 안남는다.,0
아직 안봤지만 재밌을 것 같아요~ 평점이 낮다는 사람들이 있기에 평점올리기 위해서 10점줌~ㅎㅎ,1
이게 평7점이라니. 10점만점에 10점이다. 눈물질질,1
제이슨이 한물 간것은 인정해야한다. 하지만 한물간것을 욕하는것은 안된다.,0
본것이 많은만큼 따라한 것이 많은 영화 발전은 없다,0
"""""""av계 장수 배우 """"""""호노카"""""""" 라는 것에 의미가 ^^&""""""",0
k팝써바이벌은 세계인들이 주목한 행사로써 대한민국 위상이 올라가는 계기가 됐다,1
본 사람이 그리 많지 않네? 재미는 별로,0
유쾌하고 기분 좋은 현대판 동화 이야기 ^^ 보는 내내 싱그럽다,1
초중반까진 매우 지루하지만 막판에 참 통쾌했다. 권선징악 뻔한 스토리라도 너무 통쾌해서 영화 끝난 후 기분이 삼삼했음. 고로 9점!!,1
이게 국산애니 수준을 올렸다는놈은 뭐임? 그냥 OOO,0
최저 1점에서 조윤희 목욕씬에 1점 더,0
너무 감동적이다 펑펑 울었음..최고의 영화,1
카메론 디아즈가 길거리에서 절규하는 모습만 기억 남. 총각파티 때의 사고로 모든 것이 꼬여버리는 비극적인 결말의 영화. 유쾌하고 황당해서 웃긴 총각파티로 이어지는 영화 행오버와 비교했을 때 행오버에 한 표,0
"노인의 음심,납치 더러운성욕 정복 아무리그래도그렇지 노인과.. 그냥쓰레기영화",0
재즈. 담배. 고독 .과거 . 총. 사냥꾼 그리고 우주 space 이 7개로 표현할수있달까나 you're gonna carry that weight,1
사람들이 너무 생각없이 10점주는듯... 원래 8점줄랬는데 10점준 사람들이 많아서 1점줌...,0
세상은 이렇게 많이 부패되었다.오늘 날의 모습도 저렇지 않을까 싶다.세상은 점점 부패가 되어가고 있다.,1
평점이 너무 높아서 1점 내가 생각하는 평점은 6점대,0
와우.. 십점 준게 언제였지.. 마지막에 너무 감동적이다.. 많은것을 다시금 깨닫게 해준다.. 제이크 질렌할 때문에 들어왔다 멋진 작품하나 얻고 영화의 매력에 다시금 빠져들고 있다!!! 행복 ㅠㅠ,1
평점 6점넘기는 영화가 없네 이감독...사람들 낚지 말고 영화 그만 만들어,0
결말 때문에 다망쳤다. 일본 애들은 왜이렇게 그로테스를 좋아하나? 마음에 병이있나?,0
주인공 모두 비호감이다. 카메라는 왜그리 흔들어대는지 어지럽다. 킬링타임용으로도 부족한 영화다.,0
뜯어보면 별건 없지만 빠져들게 만드는 화법. 우린 모두 가슴속에 해적을 품고 있었나보다.,1
80년대 문법으로 쓰여진 21세기 사랑(?)얘기.....그나저나 이게 사랑이라고 생각하나?,0
갑자기 생각나서...참 재미없는 영화,0
약간 전작보다 실망.. 하하하,0
엘리자베스 헐리만 기억에 남는 삼류 코미디,0
유치한듯 하지만 뭔가 색다른 영화,1
80년대 영화인줄 알았는데 '귀여운 여인'주제곡이 흘러나와 놀랐다,0
무표정 무감각으로 봤던 영화,0
이영화는 정말 재미없네 왠만한 영화들은 보통 거의다 재미있게 보는데 이영화는 너무 재미없다.,0
타의 추종을 불허하는 장르적 쾌감,1
다이나믹한 cg를 절대 기대하지마세요...,0
난 별로. 일단 방송으로만 봤을때는 재미있지만 뭔가 처음 취지는 '여자라고 무시하지말고 래퍼라고 인정해달라.' 이 느낌이였던 것 같은데 그저 시청률 끌어드리려고 배틀붙이는 느낌이고 '싸이퍼'라고 하는 것 자체의 의미를 오용한것같기도 해서..,0
너무 기대를 하고봐서 그런가 재미없음 ㅠㅠ 이렇게 재미없는영화는 처음,0
따뜻한 미소가 너무 좋은 영화,1
억지스럽지 않고 오바스럽지 않아서 좋았음,1
보다 말음;; 하품만 13번정도했나;;,0
배우 너무 늙었는데 좀 쉬게 해줘라,0
내나이 52....정말 짠하다...런 올 나이트...가족들 위해 지금까지 달려 온 아빠들....힘내세요...,1
"SEAL요원출연과 실탄4000발 발사, 그리고 미국의 전폭적인 지원으로 SEAL 전사 모집홍보용으로 쓰일 영화임.",1
니콜 키드먼의 아름다움 이외에는 평범한 스릴러.,0
나름 재미있게 본 영화. 2편도 기대되네요~ 이번에는 부디 백설공주와 헌츠맨과의 로맨스도 그려지기를.,1
"그냥 히로인 케서린, 케이티가 섹시했어여...근데 그거 말곤없네여..",0
이거 볼만한데 평점이 형편없네,1
감동ㅇ ㅣ필요할 때 보세요^^,1
정신줄 놓고 만들엇나? 줄거리에 수꼴이란말이 나오네거기다 할아버지를 죽여? 좌빨들의 인민재판엔 가족도 나이도 없다는거 광고하는 영화구나북한에 보내라 . 김정은 좋아하겟다,0
에버랜드연간회원이라서 에버랜드에서 봤던건데..그게 영화로했더라고요..그런부분이 얘기되었으면 좋았을텐데..봤던거라..조금 실망스러웠네요;그래도 다행인건 아이가 좋아하네요.,0
공각기동대 보다 오히려 볼만하다.영화내용-결국 늑대는 빨간모자를 잡아먹어 버렸다.,1
정말 따뜻하고 인상적인 드라마에요. 앞으로도 계속 쭉~ 이어갔으면 해요.,1
영화가 좀.... 영화이긴하지만 마지막에 남편을 총으로 쏴 죽에는건 괜찮은건가요? 남주의 죽은 전처의 편지도 좀....,0
나도 저런 부모님이 있었으면..,1
뮬란보다 더재밋슴ㅋㅋㅋ감초역할이좋앗다,1
네 죄를 네가 알렸다.. 라고 말한다.,1
지루하다. 이런영화가 3부작이나 나온게 놀랍다.,0
눈배림.ㅋㅋ심지호가 술주정하는부분ㅋㅋ,0
작가가 중학교를 체 졸업하지 못한 것 같은 드라마. 중2병이 보면 재미있을수도 있겠다 싶은 드라마.,0
이게 뭐야~!!!!!!!!!!!!!!!!!!!!!!!!!!!!!!!!!,0
OST에 취해서 본 애니메이션.. 물론 소설 게드전기를 읽지않고 본것이라 나름 볼만했지만 원작을 읽고나면 나의 평점은 달라져있겠지...,1
반전 짱이었구요 배우분들 너무 훈훈,1
꼭봐아야할영화..우리나라도이렇게될지모름,1
굿*9999999999999999999999999999999999999,1
끝까지 본다면 대단한 수행을 행한 것,0
참 재밌는 영화 한편이다. 누워서 보다가 중반이후로 전개가 너무 흥미로져워서 끝날때까지 정자세로 봤음. 캐서린제타존스 팬이라 캐서린제타존스가 중반까지도 거의 조연급인줄 알고 안타까웠는데...아 또 루니마라 배우가 밀레니엄에서 본 여주였다는거에 쇼크!ㅋ,1
너무 비뚤어지고 잔혹해서 연민은 안생기네. 연기는 베리굿,0
아무 생각없이 봤는데 정말 가슴 따뜻해지는 일본 특유의 아기자기한 영화^^,1
사랑과 전쟁이 훨씬 재미있다.,0
하나경은 그냥 걸레네 이딴영화나 찍고,0
밥맛이 도는게 아니라 밥맛이 뚝 떨어졌네요 맛있는 음식을 맛있게 먹으며 맛을 전달해 줘야되는데 무조건 많이 무조건 크게..뭐하는건지..굶고있는 사람들한테미안하진 않던가요? 음식으로 장난하는거밖에 안보이네요..참 실망입니다,0
인내심 테스트 할 수 있는 영화네유. 대학교 영화 동아리에서 만든 수준이네유. 손발 오그라들게 하는 최악의 영화네유. 출연한 배우들만 불쌍하네유.,0
이런 영화 만드는데 쓴 돈이 너무 아깝다..내 돈도 아닌데,0
크리스마스 시즌이 되면 늘 이영화를 찾게됨. 볼때마다 좋아,1
겉만 멀쩡하고 화려한 영화. 이게 내 소감이다.,0
무척 잘 만든 수작. 아직도 감흥이....,1
무서운 것도 있지만. 대부분 재미도 무섭지도 않다.,0
톰 크루즈는 약간 진지하고 진중한 영화가 어울림. 가벼운 영화에는 별로.,0
ㅉㅉ기황후를...드라마로...,0
광주 감성팔이로 돈이나 읃어먹으려고 하는거 한심하다,0
"단순한 코미디물인 줄 알고봤는데, 미국사회를 비판하는 메시지가 있는 수작!",1
tv로봤는데 후회안함 ㅇ.ㅇ 몰입도도 좋고 재밌던데??? 배우들 연기도 잘하고 슬펐어요 ㅋ.ㅋ 액션이라기보단 드라마적 요소를 중점으로 해서 액션후지다고 안좋은평이 많나봄. 액션 위주로 볼거면 비추.,1
내 생애 최악의 영화. 차라리 만들지를 말지. 스토리가 너무 엉성하다.,0
1점주려고 로그인햇다 이걸본게 아직도후회된다,0
컨저링보고는 휴우증이 안생겼는데 이거는 ....ㄷㄷ특히 결말은 나도모르게 경악함....,1
레드포드의 팔뚝의 다이아몬드.진정한 사랑이라고 생각합니다,1
답이 없구나.. 스토리부터 모든 게,0
쵝오! 인생과 예술과 사랑에 대한 insight 를 주는 드라마!,1
영화를 온전히 이해하기엔 내가.....,0
도쿄 워킹가기전에 본 드라마..나도 깊은 사랑하고싶다,1
완전 마음에 드는영화 !! 이런 잔잔함과 감동이 구굿~ㅎㅎ,1
지금와서 다시보니까 최곤데..ㅠㅠ 시대를 잘못 탔네여 아쉽다..90년대중국영화에빠져본사람이라면 좋은 영화네요 보기전엔 별로였는데 접하고 난뒤 보고난 감흥은 정말 다르네요,1
"억지로 웃기지 않고,억지로 눈물짜지도 않고 물흐르듯 사랑을 그려낸 수작이네요~ 정말 간만에 좋은 영화였어요~",1
오~ 뻐꾸기 남자는 많이 봤는데 여자를 보게 되네,1
평점 조금더 높아도 될 것 같은데...,1
멋있는 영화 제임스 카메론의 능력을 알수있게 해준 영화 당시 유년시절 나의 마음을 두근거리게한 영화,1
아이와 즐겁게 봤어요 내용이 좀 슬픈듯 한데 재밌게 표현 했네요 삶과 죽음 ~~~~,1
이건 또 웬 듣보잡이야....이런거 좀 만들지마,0
이런 쓰루ㅔ기 같은 드라마를 봤다니... 이제 안볼란다. 이런 거지같은 드라마 개나 줘버려,0
일본 침몰하는 거 보고 싶다,0
tv에 할때마다 지나칠수없는 영화... GOOD !!!,1
오랬동안 남는 여운과...실비아...,1
지나치게 저학년 연령층만 주 시청자층으로 설정하고 있는 애니.,0
꼭 로그인해서 점수를 주고 싶었던 영화다...-ㅇ-,0
나 한호진엄만데 너네이러는거 아니다 우리 호진이 왕따시키지마라 친하게 진해줘라 -호모올림- @한호진,0
좀더많은 사람들이 이영화를 보고 장애인에대한 진정한 배려는무엇인지 알았으면한다,1
샤론 맥과이어 감독의 브리짓존스의 일기 재밌다.,1
쯔요시를 주기지마러줘~~료코니까 10박어~!!ㅋㅋㅋ,1
아우....별 반개도 아깝다...때놈 새끼가 만든 영화는 알아줘야한다니까...촌시럽다 으휴....그냥 총질하고 차량 폭파하고...미.친 ㅋㅋㅋ,0
그림자 분신술인줄 알았네;;,0
네가 감독이면 나는 스티븐 스필버그다.개가 찍어도 이거보다는 났겠다,0
보진않았지만 그냥 10점 드림ㅋㅋㅋㅋㅋㅋㅋㅋㅋ,1
"권상우, 김하늘 출연 영화는 글쎄. 동갑내기 과외하기의 재탕. 역시 로맨스 코미디와 나랑 안 맞음",0
시작부터 도전이라는 느낌보다 무모함에 더 가까워보이는 느낌이었지만 끝은 부러움이었습니다. 그들이 해내서 너무 기뻤고 감동이었어요.청춘과 청년이 조합된 무모함과 패기에 반했습니다.,1
보는 내내 즐거웠다. 처음엔 흑백으로 나와 ''아~ 저 아름다운 장면들을 흑백으로 봐야하나..?'했었지만 결국엔 살아있는 색감 그대로의 자연과 배우를 느낄 수 있었다. 마지막 즈음에 남자주인공의 바다를 향한 발걸음은... 참 슬프기까지했다.,1
쓰레기만도 못한 영화. 뻔히 예측가능한 결말과 어설픈 시나리오와 연출력. 배우들이 아깝군.,0
1편보다 재밌었는데 결말이 아쉬움.. 아 모두 행복할순없나..주신이랑 조미진짜 이쁨.. 마지막에 진짜 뭔가 가슴이 찡하고.. 씨지는 그냥저냥 난 괜찮았다는..,1
감동도재미도없고..그냥화가난다,0
초반에 좀 지루하긴 했으나 전체적으로는 흥미진진하고 재밌었다.,1
"다양하고 방대한 세트, 혹은 엄청난 양의 CG, 화려한 음향을 뒤로하고...",0
평점이9라니-_- 낙였다. 5점정도 되겟다,0
별루임 이번꺼는식상하구너무그렇구그런얘기들만잔뜩 유행어도별루없고ㅡㅡ,0
"무서워서, 다시는 유람선 못탈듯 하다!! 괜히 봤다,,,,잠도 못자고,,",1
귀여운 아기 바다거북의 모험을 기대 하셨다면 보지 마세요...,0
첨부터 끝까지 다봤다면 인내력이 정말 대단하다고 말하고 싶다,0
이거 엄-청 예전에 본 기억이 살포시있어서 혹시나해서 봤는데.. 아니나 다를까 역시나 긴장감 쩔고 여전히 재밌더라 ㅠ.ㅠ 다시 본걸 매우매우 베리마취 잘했다는 생각이 들었뚬! 흥미진진하고 소재도 특이하고... 무엇보다 마이클 진짜 시원시원하더라 잘생김,1
여자 주인공의 죽음을 다뤘다고는 하지만... 그녀의의 삶은 결코 행복 행복하지 않았다...,0
난 재미만 있구만!! 올만에 웨슬리봐서 더좋았음!!,1
재밌게 봤던 드라마였는데 장현우쌤 카리스마 잊을수 없어 ㅠ,1
전대를 모르면 전대를 말하지마라,1
흥미로운 각본과 진부하지 않은 연출력,1
지루하지않게 끝까지 잘 봤어요..특히나 에비의 연기...정말 끝내주더군요,1
이정도 평점 받을 영화는 아닌거 같은데,1
아구슬퍼라... 진짜 마지막 부분 짠하네요.. 이상한댓글들 다는사람들.. 영화는제대로 보신건지;; 안타까움;,1
쓰레기 줍는 삶과 다른 기회에 대해 요란하지도 분노하지도 않고 너무나 잘 풀어냈습니다. 영화제에서 보았는데 참 이제 다른 영화는 시시해서 못 볼 것 같습니다.,1
너무 지루하고 재미도 별로없고 성우도 별로임,0
진짜좋은영화인데 평점말도안된다ㅠㅠ 장나라 연기정말 대박이다!ㅎㅎ^ㅇ^ 그리고 말도안되게 순수하고이쁘다!!,1
밑에분 말씀대로 정말 소재만 괜찮은 영화라고 해야되나? 소재빼곤 볼거없다 이걸 본 시간이 아까움.,0
빵빵 터지는 씬이 많다ㅋㅋ중반에 좀 더럽고 잔인한데 제임스 매카보이님 미모로 다 커버 가능ㅋ 너무 이쁘게 잘 나오신거같다ㅋㅋㅋ,1
재밌다adfasdfasd;flijaseoifj;aosdf,0
우리아이와 애 학교친구(중2)는 재미있다고 했어요. 딱 그 수준의 드라마 였어요.,0
재미는 보장하는 성룡의 코미디 액션 영화!,1
완전 짜증 도대체 정루나 실체 언제 밝혀지나..진짜 짜증나서 못보겠네 정루나엄마도 진짜 나쁘다어우속터져..,0
왜 위대한 비행인지의 그 근거를 찾기 위해 애쓰는 영화,0
"잔잔한 재미에 훈훈한 영화,, 간만에 보는 좋은 영화,,",1
최고.쓰레기중 최고.실수하여보지말것이며 1점도 아까움.올슨도최악.촬영기법도최악.잠이나잘껄.머리빡아픔.보고서들 이불차거나허공에발길질마시길.삼류중바닥.영화보고욕한바가지쓸려고글쓰는것처음.빡친다.젠장.,0
로멘틱하지도 않으며 스릴감도 없는 싱거운 영화..,0
태어나서 평점은 첨써보는데 로그인하는 귀찮음을 이길수있게 해준영화 너무 허접해서 여운이 가시질않음 내가 만든것도 아닌데 계속 부끄럽고 생각하면 웃음나오고 그럼ㅎㅎ,0
야이 OO 감독아. 자우림 김윤아한테 아이유 노래를 시키냐? 좋냐?,0
재밋다.. 이런 스타일의 영화가 좋다 ㅋㅋ,1
원작이랑 비교하면 너무 별로다솔직히 엄브릿지 너무 착해보임. 거기다 말하는 것도 엄브릿지 특유의 악한 기운이 없음. 이게 재밌다고 하면 진짜 백퍼 원작 않읽은거구만,0
결말은 맘에 안든다. 그런데 그전까지는 정말 공감되는 부분이 너무 많았던 영화였다. 그냥 악수 정도로 끝내지 그랬냐,1
평점 마이너스는 안되나.역대 sf쓰레기중 당당히 1위에 올려도 안꿀리는 코메디연출이지 배급사 알바가 아닌 진지하게 이런쓰레기에 평점 후하게 준다면 유아수준하고 동급이다 진짜 보다보다 이런 학원물코메디 SF 제정신으로 연출못할듯 북미서 말아먹은 이유당연,0
전문가평점에 김형석님이 딱 정확히 꼬집은듯.. 그냥 애들보라고 만든 영화같다 송중기 키워주기 위한 데뷔작?,0
내용이 난잡하고 허접하다...,0
정말 기대안했는데 너무 잼나게 봤다^^진정한 로코...,1
그냥 저녁 6시정도 애들 티브이앞에서 20분정도 보고 끝내도 좋을... 퀼리티의 ... 영화티켓으로 보는건 아닌듯.,0
"스토리도 좋고,캐스팅도 괜찮았고.. 정말 좋은 드라마 ^^ 이승기 한효주 씨 최고였음",1
솔직히 말해서 시즌2가 전편다 재미있고시즌3 유세윤편빼고 전부 형편없다,0
이보다 호구스러울수 있을까.. 강호구 = 최우식. 결론은 최우식 사랑합니다.,1
공감100% 힘이 나게하는 영화!! 여자동기 발연기는..정말 보기 힘들었지만..,1
"난 솔직히 별로 안 무서웠음. 원래 괴물, 좀비 이딴 거 나오는 영화들 별로라서 안보는데 이건 그래도 혹시나 하고 봤지만 역시나....스릴러나 공포는 역시 사이코패스>>>>귀신>잡괴물임. 2점짜리 영화는 아니고 한 6점 정도인데 낮추려고 2점",0
그냥 지린다 할말이 안나와....,1
"크리스마스 다음 날 봤는데, 그날에서야 비로소 크리스마스 기분이 흠뻑 들었다. 크리스마스 정신을 잘 드러낸 영화로, 크리스마스는 이렇게 이웃들에게 사랑을 베푸는 날이어야 하는데... 하는 반성을 하게 되었다. 개인적으로 나에겐 올해 최고의 영화!!",1
"12회,마지막을 보았는데 왜 조기에 종영되는지 이유를 알겠더라 존박이라도 안 나왔으면... 보는내내 짜증이 밀려오는 작품",0
음식이란거 보다 열정을 이야기 하는 이야기다. 우린 지금 열정이 있는가? 먹고 살기위한 반복적인 일상에 열정을 잃어버리고 사는건 아닌지 모른다. 괜찮은 영화.,1
뛰어난 연출력에 깊이 빠져들어서 봤네요.,1
"성공도 좋지만, 가족과 친구와 사랑이 없는 야망은 빈껍데기일 뿐이다.",0
돌려차기 이후 최악의 영화.,0
"아,, 할아버지가 이렇게 사랑스러울수 있나?? 보는 내내 할아버지의 사랑스러운(?)표정 때문에 내얼굴에 미소가 가시지 않았다. 사랑을 별로 믿지 않는 나도 할아버지 같은 사람이 있으면 사랑에빠질 듯,,",1
좋았어!나는 이 영화가 참 좋다.,1
귀신나왔는데 왜 방 불을 안켜냐,0
토끼나올때부터 노답이었고 도대체 재밌는요소가 뭔지 모르겠다 옷이라는 특이한 요소를 가지고 뭘 해볼려고 했으나일단 노잼이다. 이딴 흥행참패에 재미도 교훈도없는 영화에?박신혜가 예쁘니 옷이 아름다우니 하는 사람들은 도대체 영화를 제대로본건지 모르겠다,0
"재밌다,,,시청률이.....잘못됬어",1
완전 재미없어ㅡㅡ예고편에 낚었다,0
영화의결론 : '여자라서 행복해요.',0
긴장감도 공포도 없다. 화면에 이글거리는건 징그러운 잔인함뿐,0
"고1때, 포스터만으로도 지린 영화..물론 아직까지도 보지 못함... 안봐도 신파일 듯",0
내용이나 소재가 좀 드라마틱하고 뻔하긴 하지만 ost도 좋았고 재밌었음. 훈훈한 영화,1
이야기 전개가 이어지지않고 딱딱끊기는 느낌. 내용이 너무함축적이되서 다소이해하기어려움. 볼거면 줄거리보고 보는게...cg는 그냥 없애는게 차라리집중이 더 잘될정도...,0
숨차지 않으면서도 긴박감 넘치고 로맨스 없는데도 절절하고 아린....,1
"아무리 시대가 변하고 당대 명작이라 하는 작품들이 쏟아져도, 단언컨데 변치않을 역대 최고의 드라마. 이 작품의 16편 한편 한편에는 때로는 진지하게 때로는 유머러스하게 우리네 인생을 관통하는 성찰과 해학과 철학이 담겨있는 듯해.. 이런 작품 다신 없어",1
웃기는것도 있지만 너무 우려먹었다,0
아진짜 보지마세요.... 노잼....,0
최고.....그로테스크함의 끝을 보는 영화,1
밤에 혼자서 보다가 소리없이 울었다. 내 인생을 되돌아 보며... 보고나니 왠지 속이 시원한 듯. 몇년만에 다시 이런 영화를 볼 수 있어 기뻤다.,1
진짜로 마음이 아련해진다.잔잔한 감동을 주는 게 정말 최고다!,1
재밌어요. 차인표씨 짱^^♥,1
톰크루즈랑 같이 술마신적 있답니다 ^^,1
아.. 그러쿠나... 이게 2006년 7월 7일에 개봉한 코미디영화였쿠나...네이버영화 끝내준다 진짜,0
마츠야마에 매력에 빠지고싶은분들만 ㅋ 영화보뭐고켄만보실분만 ㅋ,1
완전 재밌었음!!! 사람들이 노래 부르는게 특히 인상적.,1
골든 글로브 남우주연상 폴지아미티 연기 베리굿,1
최고의 드라마! 나가세 토모야 연기 굿 각키 유야 연기도 굿,1
이거 정말 재미있게 봤던 영화다. 가족영화로 강추!!!!!!!!!!,1
엽기적인 일본적 에로틱 상상.,0
부디 관람하지 마세요 사간 아까움,0
신의선물보니까너목둘생각나네ㅠ3ㅠ이종석사랑햐햐햫8ㅎ,1
많이 느끼고 또 그와중에 동화됐구요..저는 좋아요 ^^ 평범함속에 소중함,1
머 이런 영화가 다있냐 ; 최악중에 악중에 악중에 악이다,0
"아주 나쁘진 않은데 딱히 인상적이지도 않은? 실화가 주는 호기심,매력마저 없었다면 정말 밋밋했을거 같다.",0
주인공이 자신이 좋아하는 일을 한다며 자신의 회사를 팔고 그 돈을 전부 박물관에 기부후 경비원이 된다는 이야기,0
별 생각 안하고 보면 재밌는 영화,1
대나무는 어디서 갑자기 난거에요?또 구라 방송하는거에요?대나무가 있을곳이 있나요? 그화면은 없던데,0
완벽한 영화. 너무 슬프네요. 기대보다 더 좋았어요,1
"대사, 스토리, 구성 모두 너무나도 유치하다...",0
지금 농락하냐 애라이 다시는 않처본다 퉤,0
"아주 오래 전에. 팀버튼을 처음 알게 된 어느 겨울.. 그러니까 20년 정도 전에 처음. 이 영화의 원작이 되는 실사 영화를 본 기억이 난다. 원작에 익살스러운 코미디와 가슴 따뜻한 스토리를, 팀버튼만의 색채로 유쾌하게 잘 담아낸 영화. 추천!",1
샴발라 보고 봤는데 작붕도 심하고 원작과도 거리가 멀고 내용도 뭔가 부족,0
영화가 대사로 만들어지는게 아닐지언데.,0
어설픈건 사실이었다 하지 재밋었다 ㅎ,1
피의자와의 急맞짱 제의... 장난하나.. 시나리오 누가 썼는지..참..,0
그냥 재미없었음. 겉멋만 든 뭐랄까..일본영화같았는데 보는내내 지루해죽는줄.. 점수왜케높은거지? 감독 누군지는 지금 알았음.,0
20세기 세손가락 안에드는 위대한 말빨!!,1
아무리 옛날 영화라지만 옥의티가 수백개.. 심지어 야구시합하는데 1회때 유니폼이랑 4회때 유니폼이 전혀 다름... 이딴걸 명작이라고 평가하다니.ㅉ,0
"이연걸,증지위 호흡좋고 엘레베이터신은 압권이다...",1
게이영화를 이렇게 밖에 못만드는지 안타까울 뿐이다 !,0
보다 너무 아니다싶어 평점보고 역시나하고 껐다ㅡㅡ앞으론 리뷰먼저 보고 영화겠다는 다짐을 하게 해준 영화,0
아니 이건 뭐야 중국판 조선총잡이네,0
이게한국영화라니. 김희선을 다시보게만든영화.,1
꼭 알아야할 사실이다. 고등학교때 비디오로 봤던 기억이....,1
실사버전도 오글거리지만 애니고 원작 소설이고 다 별로~ 세계관부터 유치하고 억지스럽군.,0
이게 무슨 9점 인가 평점에 낚였다. 이런 약간의 감동 영화는 무조건 평점을 높게주는게 이해가 안간다 감동만 있으면 평점이 높다.,0
"그녀의 재능은 천재 투우사, 그러나 그녀의 운명은 독사과...",1
이 영화를 봐서는 안 될 운명이었는데....,0
방금방송끝나고 너무어이없어서 글올립니다 시청률낮아서폐지를한다니..그럼 지금보고잇는사람들은 시쳥자도아닌가요?전개랑 상관없이아무런정리도없이 갑자기끝나다니 이건정말아닌거같내요 너무어이없습니다정말,0
영화는 영화일뿐 뭘 그렇게 현실성을 따지나...어차피 영화인데....조금은 가벼운 마음으로 영화에 다가가면 정말 재밌는 영화,1
"영화감독의 능력을 말하기 전에 정말 동시대를 같이 사는 사람인가 의심스럽다. 후진 이야기, 밋밋한 조명, 성의없는 미장센, 시대착오적인 구도, 진부하다 못해 보다 부끄러워지는 클리셰.이 영화에 누군가 돈을 댔다는게 놀랍다.홍경인은 사채라도 썼나?",0
.....진짜 별로였다. .,0
"돈된다고 상영관에 걸어놓는 짓이나, 친일 영화에 출연하는 배우나 픽션을 어디서 논픽션으로 몰고갈려는 짓거리냐.",0
"액션영화는 액션영화일뿐, 팝콘먹으며 보기좋은 가벼운 영화",1
광해가 베낀 영화. 이 영화를 너무 재미있게 봐서 광해 보자마자 딱 알았다. 근데 광해는 안 베꼈다고 했다지? 뻔뻔하다.,1
웃김.ㅋㅋㅋ 패러디도 많고..스폰지밥은 첨 보지만,1
"에효... 시간이 얼마나 흘렀는대, 어째 90 년 대 장국영 임청하 주연의 백발마녀전 보다 못하냐... ~_~",0
어설픈 반전 어설픈 구성 어설픈 연기 어설픈 스토리 괜찮은 서바이벌 반전물을 가장한 허접한 영화,0
B무비 본의 아니게 원작격인 '네 무덤에 침을 뱉어라'는 b코드로 가서 그렇다 치지만! 이 영화는 감정을 자극해 특수상황에선? 여자의 폭력을 정당화 시키는 쓰레기영화임!,0
평점이 넘 낮다 ㅠㅠㅠ8점은돼,1
이 영화로 인해 판타지에 눈을 뜨다,1
결과는 참패...시도는 좋았다,0
10점이 모자라..3번이나 본 영화..,1
시바.. 진짜 한국영화 최고의 망작이다.,0
풉~ 재밌게 봤습니다. 못본사람 별점주지마셈,1
50센트 나온다고 해서 오!!이러고 봤는데 악덕으로 나와서 좀 그랬음ㅋㅋ,1
2기줘라.우로보로스 끝내야지,1
보다가 소름돋았다...지금껏 본 공포영화중 탑 5안에 드는 영화다들 양산형 싸구려 공포영화에 찌들어있는건지 리뷰보니 기가차네....,1
완전재밋게봅니당잉여공주몰랏을땐그려러니햇는데송재림때문에봣엇는데캐릭터들도좋앗구안봣으면내가후회햇을만한작품??이작품이나왓을때내가왜안봣는지모르겟다취업준비생역할의마음을잘헤아려서이시대의취준생을잘표현한것같다어쨋든송재림나와서완전조앗음♥♥♥다음에도이런작품이나왓으면!!!,1
히로스에료코때문에 꾹참고 다봄,0
도대체 왜이렇게 평점이 높지~? 알바들인가~? 쓰레기 영환데,0
잼나게보고있었는데.... 왜이리 질질 끄나요? ㅡㅡ 연장도 정도껏따야지.... 언제까이 짜증내고 울기만하나요?,0
흠? 영화가 나쁘지 않은듯?정말 괜찮은 영화 였습니다?7살 우리 딸에게?,0
난 그게 짜증나는거야. 왜 주인공은 총알 한방도안맞고 다 죽이냐고. 공감이안돼 공감이.. 왜 다 주인공앞에서 파김치처럼 쓰러지냐고 ㅋㅋㅋ백악관도 뚫은놈들이,0
눈물 나네요... 내일은 부모님께 전화드려야겠어요,1
김태희의 연기는 나날이 발전중에 머물러있다. -남윤영,1
평점이 왤케 낮나? 정말 잼있는데 ㅋㅋ,1
진구가 죽였어도 100번은 넘게죽였겠음. 답답한 전개....,0
별주기도 미안할정도로 재미없다. 제발보지마세요..돈날림,0
1편에 비해 졸작... 동생 손가락이 없어졌는데 아무일 없다는 듯 웃는 누나나 사위한테 욕먹고 사위를 맘에 들어하는 장인어른이나 다 어이 없음.,0
저런 나뿐엄마 모든걸 덮으려고 하는구나...불쌍한 진짜 루비는 혼자 싸워야 하는구나...쯧쯧설마 이드라마 끝날때까지 진짜 루비편들다 끝나는거아냐?,0
"박신혜,이종석연기 대박 인하 달포",1
뒤로 가면 갈 수록 남자주인공인 너무 답답하다,0
평점보고 갔다가 깨달았다. 평점은 쓰레기다.,0
야하고 뭐시고를 떠나 그냥 재미자체가 없다 산만하고..이딴 재미없는 영화 만들거면 영화계떠나야,0
제작진 가족친지분들이 많으신듯ㅋㅋ 한줄평 멘트도 다들 비슷비슷하고 평점도 말이 안되게 높고 너무 티가나네ㅋㅋ 이거 볼만하긴 하지만 9.9 씩이나 받을정도는 절대 아니다.최근의 다른수사물들이랑 다를게 없다,0
발상은 좋았으나 결과는 참혹한....,0
내용도 별거 없고 임수정도 이쁘게 안나오고 슬프지도 않고 감동도 없고 ..이건 최악,0
나pd하고 호동이행님이 있을때가 더좋았다...,0
기억나는건 유덕화가 끼고 있던 블루투스 헤드셋 밖에 기억이 안난다...,0
제이슨 스타뎀은 진짜 짱이다,1
"연애를 하다보면 처음엔 좋았던모습들도시간이 지나면 숨을못쉴정도로 미울때가있다. 그 순간 조심해야한다는걸 보여준다. 이러한 작은 미움,분노로 이별뒤 모든걸 지우려할 때 그 미웠던 추억까지 너무 아프게다가올테니.",1
채널돌리다 봤는데 재미있었다,1
여자 주인공의 엮겨운 가식이 싫다.아기낳기 싫다면서 실험대상엔 모성을 느껴서 헛짓거리하다가 결국에 자기가 실험체게 당하네 진짜 보면서 OOO이라고 욕이 자동으로 나옴 남자도 호구ㅄ임,0
보는 내내 입가에 미소가 지어지는 영화다. 행복하게 일하고 믿을 수 있는 동료와 사랑하는 가족과 예쁜 와이프까지 완벽!!,1
좋네. 좋아. (장리우???) 이 영화 참 괜찮은 영화네.,1
"재미없고, 걍 지루하다. 1이 최고의 명작!",0
작품이란게 이런거겠지. 훌륭하다. 무시무시하다. 결정체다 결정체.,1
어떻게 안개에서 영혼이 튀어나와서 사람을 쓸고다니지? ㅋㅋㅋ,0
뭔가 큰 무언가가 있을거라고 봤는데 너무 평범하군요,0
집에서 따뜻해지기 좋은영화. 이연희랑 역할도 잘어울리고 연기도 좋았슴 전혀 거북스럽지않고 예쁜 설레임,1
디카프리오의 미모와 연기력은 역시나 대단했지만 으어.. 퀴어영화인것도 그렇고 등장인물의 난해한 행동이며.. 너무 이해하기 힘들었고.. 결국 디카 팬심으로도 영화를 다 보지 못하고 꺼버렸다.,0
저질에로만 가는구나 곧 망하겠어 클라라 애는 말로만 의도적노출아니라고 하고 내놓고 노출만하고 있네 이중적이야 가슴만강조하고 질린다,0
이 영화는 나를 위한 겁니다.,1
처음에 벅스라이프랑 되게 비슷하다고 생각했는데.. 무튼 재밌었다.,1
한 사람씩 처참하게 죽을때 긴장감은 어느 시리즈보다 더 강하다.,1
다섯명이서 봤는데도 이리 무서웠떤 건 처음입니다.,1
봐도봐도 잘만들었어요 정말 멋있어요~,1
좋은 영화는 다시봐도 여운이 희석되지않는군요,1
톨스토이의 대작을 영화로 만든다는 것 자체부터가 에러...,0
"예슬의, 예슬에 의한, 예슬을 위한 영화, 그녀에 대해 선입관은 없지만 자충수인듯...",0
솔직히 볼만했는데 막말을 쓰는건 뭡니까?,1
보면서 내가 요가를 합니다. 불쌍해서 1점 줌...;;;,0
섹시하지도 매력적이지도 않은 흑마술,0
주제좋고 영상미좋은데 너무스토리가복잡하고많아서 아쉽다 좀더 간결하게 풀었으면 하는바람. 최소두번추천,1
주배경인 기업제국 사회는 머지 않았을 수 있다. 중반이 늘어지는 지루한 블랙코메디.,0
1시간 15분 58초 부터 약 15초 때문에 1.5점.. 후하다.,0
"싫어해, 파리 ... 원주민들이나 이민자들이나 ... 쓰레기들의 도시 ...",0
"스케이트보드만으로는 안 되겠던지 온갖 진부한 것들을 어설프게 섞었다. 인물의 행동은 그냥 이상하고, 가끔씩 들어가는 슬로우 모션 장면들은 지루하기만 하다.",0
[4점] 이런 짐승같으니라고,0
너무 풋풋하고 이병헌 전도연 최고의 조합이었다,1
미친 인형 색히가 드럽게 안죽어 ㅋㅋㅋㅋㅋㅋㅋㅋㅋㅋㅋㅋㅋㅋㅋ,1
최민식의 절제된 연기 멋있다.,1
육체가 없는 정신적 외계인...그의 따스함이 아름다웠다...파란구슬...,1
대학생인데 이 영화 보고 참 취업문제가 크구나 다시 느꼈습니다. 그만큼 겪어보지 않아도 피부에 와 닿을 만큼 사실적인 영화인거겠죠. 영화 잘 봤습니다. 대한민국 청춘들 모두 파이팅!!,1
잘잤다~~~~~~~~~~~~~~~~~~~~~~~~~~`,0
좋은 배우를 써도 스토리가 좋지 아니하면 망하는 구나...,0
다양한 역설적 요소들은 이해하더라도 공감하고 즐기기에는 힘들다..,0
서우리라면 볼만하지 않겠는가!!,1
핵이 실제로 폭발하기는 하나 B급 액션물에 그쳤을뿐.,0
사소한 일로 살인 저지르는 바람에 손실이 얼마야..ㅋㅋㅋ,1
"영화 내용 - 뱀술에는 돼지육회, 여자 무고죄로 콩밥 먹여야...",0
김수현의 불륜에는 뭔가 철학이 있더라...,1
"그립다....그때의 감성, 감정, 사랑...",1
"액션왕 이연걸은 없고, 어설픈 모험광 이연걸만 있다",0
홍콩액션에 종합격투기를 섞었더니 이질감만 남았네,0
다중인격영화의 한획을 그을만하다,1
"왜 영화평점 사이트는 늘 구식에 관대할까.... 난감하네. 보는내내 발연기에 웃음이 터지고, 저급한 플롯에 하품이 나온다",0
보지못하는그들도보고싶은것이있었다그것은희망실화라니더감동이군영화같은현실,1
보진않았는데 평점보니까 노잼일거같음,0
"CG는다큐멘터리수준, 카메라앵글 어색해서 보는내내 손발오그라들음",0
기억에 계속 남는 영화...방황할 때 보면 딱 좋은 영화,1
이런 영화는 별로 코드가 맞지 않는다는..,0
'주온+버드+샤이닝'의 짬뽕 버젼. 날로 드시려 하다니.,0
내가 본 영화 중 단연 최고의 영화 중 하나였다라고 단언할 수 있다.,1
삼가 고인의 명복을 빌며 로빈윌리암스의 애잔한 눈빛을 기억합니다,1
별 반개 줄라고 굳이 로그인한건 이 영화가 처음이네,0
캐릭터와 액션 모든것이 재미 있었네요,1
그래도 '명량'보단 낫다. 20년 전에 만들어졌기 때문에.,0
기대를 넘 많이했나봐요...!! 조금 식상~~~ 캐도 영애씨 넘조아라해요~ 시즌 10 홧팅~,0
난 참 마지막 장면이 좋더라..,1
정말 감동적인 영화입니다. 여운을 남겨주는 영화죠.,1
자기걸 잃을까봐 전전긍긍하는 남자의 이기심에 관한 영화.,0
영화자체의 감동은 매우 훌륭했다. 그런데 영화를 보는 동안 일본영화같다는 느낌이 계속 느껴졌다. 한국느낌은 어떤것일까.? 영화는 볼때뿐아니고 보고나서도 중요한데 보면서의 생각과 다보고난후의 생각을 종합하면. 7점후반대가적당하다..,0
"데이빗 예이츠 감독이 영화를 다 망치네, 1 2 3 4 편은 재미있었는데 5편 이후로는 뭔가 주연배우들도 연기가 어색하고, 스토리 전개도 툭툭 끊기는 느낌, 책이 훨씬 낫다.",0
최근에 접한 영화들중에 가장 멍청했던 영화,0
각자의 파킨슨병을 가지고 역동하기 시작하는 푸가. 직접 이 곡의 사중주를 들어보고싶네. (아무르의 프리퀄같은..),1
모든면에서 요즘 영화들과 비교할 수 없을 정도로 압도적인 영화. 원초적인 재미빼고...,1
톱스타와일반인의 사랑이야기 줄거리가 영화 보디가드처럼흘러가는듯 하다가 지루하게 느껴졌네요 영화시간은 긴것은 장점이자 단점,0
영화도 흐접하지만 왜 자꾸 징기스칸 역을 왜구들이 하는거지? 아무 상관도 없으면서,0
이딴것도 드라마라고.. 아휴,0
앞으로 다들 평점 잘쓰고 감독도 영화좀 잘 만들어라,0
서양 기준의 사고방식에 진저리를 친다.,1
진짜 보통지루한게아니다....평점 너무 높아,0
참 좋은영화.. 정말 잘만든 영화... 이런영화를 만들어내는 그들이 부럽다.,1
진정한 민주주의는 완고한 법과 질서 위에만 서있을수있는법!,0
창문으로 나가는 사람이 없어요.... 참 진짜 영화계 망친다....,0
"일본영화 특유의 오글거림은 한스푼 빼고, 그 특유의 잔잔한 감동을 한스푼 더한..재밌었어요 후카츠에리 영화는 믿고 보네요^^",1
뛰어난 배우들 좋은 연출력 우왕굿,1
숨겨진 명화 리더십있는 장군의 모습이 인상이적이였다 특히 마지막 감동,1
내 인생에 최악의 영화를 꼽으라면 이 영화가 단연 베스트5위 안에 거뜬히 드니깐,0
"네이거 평점을 신뢰하시길,,, 오른쪽 화살표로 본 3분짜리 영화,,",0
나는 재미있게 봤는데 왜 이렇지???,1
이 영화를 본 내가 부끄러운데 자꾸 평점 쓰라고 팝업 뜨는 것도 무척 짜증난다.,0
성전환문제를 자연스럽게 다룬 코믹영화.,1
"아이들을 위한 영화인데, 재미있다! 유치하지만 코믹하고 감동도 있다!",1
기종에 나왔던 이런류의 영화를 생각했지만 그닦 별로이고 영화보면서 군대이야기 사실적이고 머고 없다고 1 점 준사람들이 있는데 그런걸로 따지면 트랜스 포머는 0 점 이겠다 그냥 난 이영화 공짜로는 몰라도 돈주고만 안보면 되겠다 싶음,0
현재보면 대세 박성웅까지 볼 수 있는 상당히 화려한 캐스팅. 하지만 스릴러로서 긴장감이 부족함. 또한 이민정의 발연기. 고수는 살인자 치고 너무 잘생겼음.,0
동양인비화 심볼리즘에 유치찬란한 스토리 그러면서 애들이 보기엔 또 수위가 높아 이러니 망하지ㅉㅉ 1편은 그래도 봐줄만은 하던데 이건 뭐..,0
ㅋㅋㅋ아 재밌다 감독님 천재인듯,1
맘마미아 같은 영화를 생각해서였나? 전 좀 별로네여..,0
말할수 없는 감동과 아름다움 그리고 순수함이 있는 영화입니다.과거의 아름,1
처음에는 소방관 애기인줄 알았는데 아니고 액션물.브루스 윌리스는 그냥 형사에서 형사로 끝나네 왜 나온것인지..그리고 불교에서 사용한 만하고 나치문장하고 헷갈리는 외국인이 아직도 많은가 보네..완전히 다른것인데..,0
진짜 최고에요... 하지원 진짜 연기 잘하네요...,1
인질극영화중 단연 최고의영화,1
"최악의 드라마.. 연출과 대본도 그렇지만... 한가인, 김정훈, 전혜빈의 어색한연기...",0
"음악영화가 아닙니다, 미국인들은 재밌을수도 있겠네요. 전 브라이언이라는 인물을 잘 몰라서 전혀 재미없고 지루했습니다. 아마 서태지를 모델로 저런 영화를 찍었다면 재밌게봤을지도 모르겠네요",0
조재현발연기 개쩐다 경상도 사투리할때 북한사람인줄ㅡㅡ,0
그림은 3류잡지만화쪼가리에 내용은 주간지4류범죄소설.애들도 유치해서 욕함.,0
이번 주말엔 나누와 실라 가족과 함께 보세요,1
핫세 정말 진짜 너무너무 이쁘다,1
빠순이 전용 영화 이딴거 왜만드노? 참고로전 오유인입니다,0
영화를 보는 내내 입에서 욕이 나오려고 하던걸요/ 쓰레기,0
현세대의 시점에서 바라본 아름다운 우리동화 같은 이야기,1
아 머냐 ㅡㅡ 셜록홈즈영화는걍보지마라추리에대한내용은 별로없고 걍액션영화에 불구할뿐이다,0
헐 설경구 최악.. 으로 잘못 골랐다,0
단조롭지만 깊은 감동을 주는 영화입니다.,1
"차가운 감정의 스릴러!연출,연기,각본 어느하나 부족함이 없는 영화",1
영화 왜 이래여...잡스에 대해 하나도 모르지만..못 만든건 알겠다..,0
좀전에 봣는데 영화가 참 감각적이네요 결말도 좋구요..,1
굉장히 어둡고 짜증나는 영화였어요..마지막장면만 잘만들었을뿐..여자가어이없이죽고,0
영화 피구왕 통키와 쌍벽이다재정신으로는 절대 만들 수 없다.,0
1편의 시작을 잘 표현해냄 근데 3편으로끝나서 아쉽다...,1
한핏줄 영화가 최고의 쓰레기 ㅋㅋㅋㅋㅋㅋㅋㅋㅋㅋ,0
ㅋㅋㅋㅋㅋㅋㅋㅋㅋㅋㅋㅋㅋㅋㅋㅋㅋㅋㅋㅋㅋ,0
"이때가 참 좋았는데,, 배용준 정말 멋있었다!",1
이 영화 본 게 4년은 넘은 거 같은데 아직도 못 잊는다.. 정말 최고의 영화.,1
훌륭함. 끝까지 진지빨고 정주행,1
전문가평점어짜피 그사람들도 개인의견써놓은거평점무시하고 보면 재밋음,1
왜 이리 평점이 낮지ㅜㅜ 재밌었는데,1
21세기 최고의걸작 안보고도 알수있음 ㅡㅁㅡ;;/,1
연기도 오바.. 내용도 오바.. 너무 과하다..,0
평점 맛 간 거 같다. 이렇게 낮은 평점 받을만한 작품이 아님.,1
이런영화 더잇을까... 나나아성은 깨기힘들듯... 안티가많은대신팬도많다는사실 ㅎ,1
원작이 이문열 최악의 졸작이니...무라카미 하루끼의수준?,0
결국 모방에 스릴도 없고...,0
생각만큼 진정성이 떨어진다.,0
한 불행한 예술가!!!!!!!,1
"저는 솔직히 이드라마 보고 이동건씨한테 반했습니다^^ 어릴때라 명작 파리의 연인이 기억안나서 이동건씨 매력을 잘 몰랐었는데,,이번에 다시 느꼈네요~ 윤은혜씨 같은 캐릭터도 평소 좋아해요~이드라마 보고 [세주 바닷가 마음정리 씬]태풍올때 따라함~ㅋ",1
이것도 영화임? 진짜 천원 주고 사 보기도 아까운 영화네요..,0
완전 설 익은 밥을 먹는 기분이랄까,0
"초반에는 지루했는데,, 나중에는 장난 없음,,",1
와 모세의 기적을 이렇게 생생하게....,1
허준호의 연기가 놀랍습니다!!!!,1
정말 많이 울었던 기억이 있네요..ㅜ,1
이 세상에서 가장 멋있는 캐릭터다 ㅠㅠ 왜 영화가 더 안나오는거지,1
11명중 5명이중간에나가고2명이잔 영화,0
평점이 그닥이었어도 그래도 숀 펜을 믿고 봤건만.... 그저 지루하기 짝이 없다 그래도 차마 1점은 못주겠어서 2점...,0
꿀잼 킬링타임용으로도 재밌. 전 이런종류의 영화 너무 좋아해서 완전 좋았어요 앤해서웨이 너무이쁘다,1
중학교 때 본 영화인데 명작이라고 생각했음. 감동적이구!,1
언제나 포켓몬을 즐겨보고 있습니다.정말 재미있고 감동적이구요.포켓몬 화이팅~☆,1
"오스카는 흔히 볼수있는 아들이자 장난끼 많은 오빠 그리고 항상 미안해하는 남편. 감정이 앞서서 문제를 만들수도 있지만 언제나 마음은 내 가족, 내 사랑인 그 한사람. 정말 거지같은 상황속에서도 사랑이라는 한 단어로 살아남으려는 자를 짖밟았다.",1
오~재미지다!!!완전긴장되는 영화!!,1
과거 진압작전에 참가했던 지젠느 출신의 실화를 바탕으로 재구성한 걸작..밑에 헐리웃 액션을 기대했나...사건 발생후 사전 브리핑과 도면입수 가상 재훈련이 필수인데 무슨 서바이벌이나 서든하는줄 아네ㅎㅎ,1
대사가 예술입니다. 넘 잼있어요,1
근데 제목은 왜 아이언맨으로 따라한거임? 뭐 스워드맨이 더 어울린다. 설마 나오는 칼이 철이라고 아이언한거임 보나마나 아이언맨 이름따라서 흥행할려고 유투브에서 IRON MAN볼려고 아이언맨 치니까 이 드라마도 나오는 건 뭔데 걍 제목부터 노답드라마,0
혹성탈출이원래 이런거였나요?,0
"정말 최고의 완전 쓰레기영화, 영화보다 처음으로 분노를 느낀다.",0
아 진짜 대박 꼭 봐야됨.!,1
넘웃기다ㅋㅋㅋ코미디에충실한영화...이런영화보면 크다고느낀일도 우습게느껴진다! 잭에프론은 잘 성장하는듯 레오나르도 디카프리오 느낌남,1
"정말 강추입니다, 프레디프린즈 명연기 죽입니다 꺄오,",0
평작수준에도 못 미치는 작품 어설픈 마무리가 압권,0
더락 하면 잡아서 후려패고 이런건줄 알았는데 아니었다. 근데 이런것도 잘어울리고 연기 잘하네,1
두돌 아이와 함께 봤는데 너무 재미있게 봤네요 ^^푸욱 빠져서 봤어요!! 동물들의 특징도 잘 묘사 되었고 아이가 집중하면서 보더라구요~,1
짐 테레비에서 하는데 지인이 너무 재밌게 집중해서 보고 있어서 놀라울 따름이다...,0
쓰레기네ㅡㅡ 옛날엔 초딩때라서 재밌었나봄,0
이러니...어찌 사람들이 톰을 좋아하지 않을 수 가 있겠는가...수리는 좋겠돠....태어나보니...아빠가...톰이야...^^,1
"중반까진흥미진진,액쎤신도 멋진데 후반으로 갈수록 짜증이 나기시작해서 배려먹는",0
진심 실망한드라마 갈수록지루해지고 질질끌지를않나 그리고 나는 계속 둘이몸바껴서 경준이인모습으로 다란이한테 가는모습을 보고싶엇는데 결국 몸은바꼇어도 결말이 흐지부지 똑같이 윤재몸으로 경준이영혼이 감ㅋㅋ,0
지극히 우연한 사건에 제멋대로의 자의적 해석으로 어처구니 없는 결말,0
"영화 자체는 아주 쓰레기영화까지는 아닌데, 이런 영화에 대역까지 써가면서 출연하고 싶을까 의문이 든다. 노출하기 싫으면 애초에 이런 영화를 찍질 말아야지.",0
오룡 인형탈 썻다.하지만 원작에 충실하고 명연기 손오공머리가 정말 쩐다,1
이렇게 가슴시리게 본 드라마가 또 있을까? 감동 그 자체!,1
평점최초등록해보는데 이영화가 왜이렇게 평점이 낮은지 모르겠다ㅠ 내 인생의 최고의 영화♡ 그때로 다시 돌아가고 싶다ㅠ,1
재밌어요!!!! 기대이상이던데ㅎㅎ,1
깊은 슬픔이 전해지는 이번 방송.. 세월호 대구지하철 911 상상하지 못할 슬픔을 감당한 여러분을 위로합니다ㅠ.ㅜ,1
"생사를 걸고 친구를 구출하려고 한 영화,친구의 여성을 책임지는 영화!!!",1
진짜 배꼽 잡으면서 봤는데... 더이상 네이버 영화 평점을 믿지 않게 만드는 평점이네 이게 4점대라니 ㅋㅋㅋㅋ,1
평점이 넘 높아여. 평점 6.49,0
두사부일체 보는느낌? 1편이랑은 완전 다른 영화가 됐네.....평점 딱 3점이 적당하다.,0
제작 미국전력공사 협찬 전국랜턴 도매인연합회!!,0
뭐 이런 개떡같은영화가........;,0
장현수 영화는 진부하고 유치뽕이다.,0
밍숭맹숭한것같으면서도 짜임새있는 구성이 몰입도를 쩔게하네요. 개인적으로 처음에 약간 이해가 안됬어서 1점깠지만 좋은 영화.,1
재미없는데 평점에 속아서 봤다~~,0
채널돌리다가 수퍼액션에서 하길래 잠시 보다가.. 네이버 관람평 검색해보고 하은정 브래지어도 안푼다는 사실을 알고는 채널돌림.,0
"진짜로, 한국영화 중 가장 낳은 작품중 하나. 안녕 유에프오 이후.. 유퀘하게 본 영화",1
여운없이깨끗하게 해피모드로 바꿔주는 영화! 귀여운 서기의 광동어도 굿.^^,1
자신들이 놓치는걸 스토리가 허술하다고 하지말자 하나하나 볼수록 더 대단하다 정말,1
예고편은 겁나잼있어보이는데 막상보면 정말 재미없는영화이다.,0
박하선 좋아하는.배우인데...얼굴 표정이 너무 단조로워요..ㅜ,0
세계관 설명이 너무 불친절하여 원작 모르는 사람은 스토리 이해가 힘들다,0
이야.. 어쩜 이렇게나 지루할수가..,0
박찬욱은 또라이자 천재라는걸 보여주는 영화,1
다리꼬고 의자에 앉아있는 포스터 그림이 생각나네..!,1
웃기기보단 시원시원하고 즐거워서 보고나니 행복하네요 ^^ 5점!,1
금방 막 다운 받아서 봤음. 득템.강추,1
좋은 영화 잘 보았습니다. 꼭 궁금했었던 내용이었거든요. 러닝타임이 너무 짧은듯이 느껴져서 많이 아쉬웠습니다.,1
와 재난영화중에서 제일명작이다 이때동안 재난영화보면서 이렇게 재밌는건 첨봤다 애들아 꼭봐라,1
니들도 별반 다를꺼 없잔아??(하네케)..역시 영악하고 잔인하다,1
쇼미더롹 이네요 우승은 락스코인가보죠 비아이 올티 바비 아이언 죄다 힙합인데 혼자 롹~~~악? 정당하게 승부하겟다더니 게스트 부르는것도 모자라서 롹까지 하다니 실망스러워요 계속 이런 시스템이면 오늘부로 안봄. 쇼미더롹!,0
학창시절 너무너무 재밌게 본영화입니다내인생에 걸작,1
진짜 엄태웅은 천개의 얼굴임 어떤 역할도 소화가능함~ 황정민이랑 동급이라고 본다 연기실력이~,1
이드라마역시 말도안되는 저질드라마 보면서 자꾸 짜증나서 화나게까지만드는 드라마다 아침드라마마다 죄다 왜이러는지ㅉㅉ,0
말이필요한가요? 레알 겨울왕국을 능가하는 개명작,1
"""""""브랜든리의 죽음을 헛되게 만들어버린 """"""""속편들""""""""""""""",0
정말 대단해요.!!!! 매일 긴영화만봤는데 단편영화를보니까 엄청감동먹었어요!,1
종교를 소제로 의외로 괜찮게 만든영화. 긴박함 흐름과 빠른 전개가 의외로 괜찮음,1
"가장 현실적인 영웅, 그래서 더욱 정감이 간다",1
버려라 에잇 ㅡㅡ;; 배우만 일류급이지... 재미 없었다..,0
배경은 좋았으나 스토리가 쓰레기,0
유쾌하다 그냥 영화처럼 주인공이 어려움도 겪고 ..근데 난 .. 귀족 신자? 보다는 대장장이가 더 이쁨,1
이것 만큼은 어디 내놔도 부끄럽지 않을 명작이다 어렸을 때 봣었는데 내용 전부 기억난다,1
그렇지만 길들여질 필요가 꼭 있을까? 그냥 살면되지...,1
이것은 1점이 아니다. 11점을 주고 싶은 내 마음이다..,0
내가 이걸 왜 봤지. 모든 것이 예상가능하다,0
"여기 패티슨 빠들만 평점줬나 왜이리 높나 의아스럽다 연기력이 좋다니 원...이 영화에 로버트패티슨이 과연 어울렷나하는생각이든다 비주얼 실망, 연기력은 더 실망...",0
왜알바라그러지ㅋㅋ걍아무정보도생각도없이봤는데 뭔가맘이따뜻해지는? 기분좋아지는 영화인듯.ㅋㅋ?에코넘귀엽당당,1
난 니가 조아라하는 일이라면...머 든지 할수이써;;,1
홍콩 느와르라.. 차라리 달콤한인생이 낫다,0
평생 이렇게 잼없는 애니는 첨인듯,0
너무식상해진 김수현씩의긴대사와늘보아오던거같은 배우들의 김수현식 연기,0
드림웍스 애니메이션인 이집트왕자가 훨 낫네 같은내용인데 1998년작이 수준이 더 높은듯,0
현재까지 내생에 기억될 드라마,1
경찰 조쉬하트넷과 해리슨포드의 하루일과를 영화화한...,0
쓰레기 선동영화 김재규가 진짜 민주주의를 위해 박정희를 쏜줄아나보네,0
정말 감동적이고 웃기고이형화정말추천해드리고싶네요ㅋㅋㅋ3번이나봣네여..이거보구 이영은완전팬됫네요,1
이시하라 사토미 때문에 3점 준다 그외엔 개망작,0
생각없이 봤다가 감동하면서 전쟁에대해 생각했던 영화,1
졷니 노잼 이걸 보느니 돌고래요정 티코를 보겠다,0
이영화 어제 티비에서하는데 보는데 시나리오고 나발이고 나오는연기자들 연기 죄다못한다진짜 ㅋㅋ 특히 오인혜인가 ㅋㅋ 진짜 대사칠때마다 오그라든다 오그라들어 ㅋ,0
도대체가 말도 안되는 영화.....,0
엉덩이만 아프더라 이게머냐...,0
아니 내생각쓰는곳인데 왜이렇게 뭐안돼 뭐안돼 아오,1
아 마음이 훈훈 ㅠ 애기들 너무 귀여워...ㅜㅜ,1
내가 아는 소림사는 이연걸의 소림사 밖에 없음,0
"보면서 문득 느낀게 나는 왜 나를 중심으로 살지 않고 다른 사람의 시선속에서 살아가고 있는건지.. 의사가 세상이 만든 테두리에 살아가는것에 반해 프롯은 의지대로 자유롭게 살아가는게 부러웠다,",1
식민지 건설을 위한 전쟁터에 실수로 들어간 관광객들의 개고생... 좋은 소재인데 완전 망쳐놓았네..,0
큐브 감독이라서 봤는데... 개 실 망,0
평점 보고 내가 직접봣거든? 전혀 안무서움;; 리얼 하나도 안무서움 기어나오는것도 하나도 안무서움; 오히려 사다코가 예쁘게 느껴짐 리얼 너무 노잼이라 평점믿고 보지마라,0
화면속에서 계속 폭발하고 총쏘고 변신하지만 세번이나 잠드는 바람에 4일에 걸쳐서 보게되었다. 로봇영화에 인간이 왜나오는지 그 당위성은 네편째에도 여전히 알수없었다.,0
히치콕 감독의 싸이코와 거의 흡사해서 1점 줍니다.,0
모닝이 좋네 이쁘다 자주 나오겠네~,1
정말 이영화가 4점도 아까워요. 나는평점보고 이영화본건데 이리 시시하고 모하는건지 전이영화 평정. 별로내요,0
재미도 없고 사실과도 맞지않고... 뭐 이런영화가 다있을까 싶다... 오로지 문재인을 당선시키기 위한 영화,0
8? 9? 10? 그런게 필요없는 영화 ...,1
앞으로도 언제까지나 나에겐 최고의 판타지♥책도 다 읽어보신분들은 얼마나 멋진 이야기인지다들 아시죠??ㅎ,1
외계인 여러 형태로 나오지만 이것처럼 정말 성의없이 나오기는 참 주변만 뱅뱅 돌다가 그냥 끝난다 배경세트만 볼만했다,0
아이가 너무 얼굴이 창백하고 그 토끼 썩은거보고 토나올뻔 축구도잘안보여줘서비추여,0
넘넘 재밌음^^말라귀여움~~ 근데 넘 짧다...,1
삼총사 진짜 짱짱!!! 박달향 홧팅!!!,1
진짜 다들연기잘하지 ? 류승범 눈빛 개좋지않노? 김주혁이 허준따낸 이유도 여기서 정말 사극에 잘어울렷기 떄문이고. 진짜 봐도봐도 안질린다 방자전,1
스트립 댄스를 추는 섹시하고 탄탄한 데미 무어의 육체미를 기억하라,0
유쾌하고 대사가 넘 잼있었어요 바닷가와 집도 아름다웠구요 엔딩도 좋고 사랑을 잘 표현한 영화네요 다시 봐도 좋을 영환거같아요,1
솔직히 2.58은 오바인데 이상한 종교적인 이유로 평점을 저렇게 주는건가..,1
정말 거짓말 같은 영화. 기대안하고 봤다가 감동의 쓰나미에 하염없이 울었다. 꼭 봐야할 영화. 대를이어 보여줄 영화.,1
이 역사가 제대로 해명되지 못한 아쉬움에 만점을 못주겠다. 누가 누구를 원망하겠냐만 미군정과 이승만의 행적은 규명되어야 한다,1
다시봐도 재미없네... 빨리 28개월후나 나와라,0
"이제 다시금 돌이켜보면 우린 적군과 싸우고 있었던 것이 아니라, 우리끼리 싸우고 있었습니다. 결국 적은 자신의 내부에 있었던 것이었습니다. 이제 나에게 전쟁은 끝이 났으나 남은 평생 동안 내 속에 남아있을 것입니다.",1
미친사랑이야기가 아니라 미친경찰이야기!!별xx는 마지막까지 개xx..누가 누굴 용서해,1
역쉬 엑소.. 레이는 사랑이다,1
"영훤히 기억될 이름. 이은주. 두번봤는데, 볼수록 슬픈영화.",1
"연출을 밥말아드심! 초반부 뜬금없는 키스로 사건이 촉발되더니,난데없는 운석도 그렇고, 계속 멈춰서서 천장바라보던 여자애는 후반부에 움직이더니 별사건없이 없어지고,주인공 친구여자애는 자기 도플갱어하고 뜬금없는 키스를 하고..그야말로 개판!",0
....감히 쓰레기 졸작이라고 말한다.,0
정말이지 스토리와 배우들의 연기 연출으로 엄청난 감동을 받았다.,1
매우 평범한 청춘영화.. 평점이 넘 높아서 조절하기위해 이 점수 매깁니다~ 7.5정도가 알맞겠네요,0
아무리 배우가 좋아도 이건 진짜 너무하다는 생각이 듬....,0
억지 설정의 역겨운 드라마 개막장한민국 드라마의 현주소,0
감동도슬픔도눈물도없다..유우와 풍경만이 존재하는 반쪽짜리 영화..,0
처음부터끝까지 에드워드 노튼 이유 하나만으로 관람 노튼♥,1
서유기와 함께 주성치 쌍봉 Best작품!,1
이런 환경적인 영화 좋네요. 나무가 없는 세상을 생각하면..,1
참혹한 사회적인 현실을 담은 이두용 감독의 수작. 조용원씨는 정말 꽃다웠죠(지금도),1
제목과 그래픽은 그럴싸하지만...,0
보기 싫음 보지 마셈 효민 이쁘다 화이팅~,1
보는 내내 매우 재밌고 감명깊은 영화였다.,1
액션신이 조화롭지 못하고 무엇보다 발연기임... 스토리도 이상하고.. 옹박 감독님이라 기대했는데... 솔직히 한국영화는 연기력으로 먹고사는데;; 참... 분발해서 좋은작품 보여주세요,0
이전 드라마에 비해 질적으로 많이 높아진 드라마..,1
어설픈스토리를 남자애하나로덮을수있을꺼라생각했나 ....,0
오랜만에 보고 느끼는 거지만 우리나라 이런 영화도 잘 찍네,1
울나란 이런 영화 왜 못 만드는 걸까?,1
억지감동 뻔한스토리 3분만에 이영화를 설명하라면 누구든지 할수있을것입니다.,0
졸지 않으려고 기를 썼던 기억이 난다.,0
요즘 시대에 안나온게 다행이지,0
솔직히 우주에서도 물이랑 나무 다보이는데 거기로 쳐들어왔다고?,0
댓글알바 때문에 1점 벨런스맞춤,0
들롱과 (트렁크에서 나온)볼론트의 만남장면이 명장면!,1
나이가 많으신 어머니 마저도 배꼽 빠지게 웃고 난리났다. 이게 진정한 무한도전이다!,1
새벽에 시청 잠을 잘수없었다 수작인정 단 화려한 얙션씬을 기대했으나 ㅎㅎ,1
이 정도의 몰입감은 처음이다.,1
제발...제발.. 절대 보지마삼.. 연기도 다 드럽게못하고 줄거리도 개판이고.. 최악 ㅜㅜ,0
그저 잘생긴 배우가 아닌 최고의 배우다. 개봉시기를 잘못 잡아서 저평가된 거 같다.,1
스파이더맨3가 아무리 망작이라 해도 어메이징스파이더맨보다는 100배 나음..어메이징 스파이더맨은 진부하고 어이없는 스토리전개..,1
"영화 보는 중간중간 맛깔나고 흥겨운 재즈를 들을 수 있어서 일단 좋았고, 상처받은 두 남녀가 아파하면서도 서로 그 상처를 보듬고 이해해주며 극복해 가는 것이 인상적이었다. 프랑스영화 좋아하는 사람들한테 좀 더 재미있게느껴질것같기도....",1
너무 몰입해서봐서.. 너무 힘들었던 영화네요... 28살이 되서야 이영화를 접하고 많은 감성과 느낌을 알아갑니다..,1
말이 필요없는 영화~ 너무 행복합니다,1
세번 보니까 이해가 가는영화ㅎ 나에겐 최고의 작품이라는..,1
"실화라,더 집중됨.잼있닥~~",1
"내 감성이랑 안맞는건지, 정말 영화가 재미가 없는건지... 어쨌든 3점",0
그래도 7광구보단 평점 높네.,1
그때의 김승현 연기를 잊지 못 하기에 영화판에 다시 부르지 않는 것이다. 왠만한 대본으로 그의 연기를 다시 빛내기 어려울테니까. 이소룡의 환생 이상의 느낌을 보여주는 이 영화.,1
10 20 대 평이 너무좋네 ㅋㅋㅋ 벽력 선중! 시간 버릴수있다면 추천 ㅋ,0
정말 기발한 발상의 영화.발상만 기발하면 뭐해?구슬이 서말이라도 꿰어야 보배지.,0
그다지 기뻐보이지 않는다 생고생만 하는듯한 느낌 그걸보는 관객,0
우연히 고른 영화였는데 참 좋은 선택이었구나..생각하게 해주었습니다. 책으로도 다시 읽어봐야 되겠죠?,1
제가봤을 땐 정말 주지훈 영화다 생각됩니다.,1
"""""""오늘 보면서 우리 5살 아들이 """"""""이거 재미있는거 맞아?"""""""" 이랬음....""""""",0
흔한 삼류 판타지 영화cg 도 별로 스토리도 별로,0
감동도 없고 재미도없지만 그냥 가볍게볼만함,0
범우주적 쓰레기영화 ㅋㅋㅋㅋ 특이취향 마니아라면 좋아할지도...,0
70년대로 돌아간 느낌이다.,0
전쟁영화중 가장 재밌게 보았습니다.,1
Suit!;;;;; 마지막에;;;; 참내;;;;;,0
재밌어요~(^ 3^) 기분좋은 일요일 아침을 주시네요.,1
포스터만 봐도 남자 둘이 여자 분장한게 전혀 여자처럼 보이지 않고 마치 트랜스젠더처럼 역겨워 보이죠? 포스터처럼 유치하기 짝이 없고 전혀 웃기지도 않은 삼류 코미디영화입니다.,0
주정이의 '서글픈사랑' 넘좋다. 주제가만으로도10점,1
스토리 따위는 볼 거 없고 그냥 여자 구경하기 좋은 영화. 전개될수록 이상해지는 영화.,0
이승연의 강렬함이 묻어나는 영화. 그러나 홍경인은 너무 불쌍하게 나옴,1
지루하고 허전하고 욕하고 그게다임 -_-;,0
올리1도 재밌었는데 2는 더 재밌는것 같다. 스토리도 많고 캐릭터도 많고 난 너무 맘에듬,1
지들이 전쟁 일으켜놓고 2차대전 때 전쟁터에 나가는 전범자들을 나라를 위해 싸우는 사람들이라고 찬양하네 에라이 퉤,0
끊임없는 긴장감;;가끔 등장하는 허무한줄거리들만 아니면....,1
What is this movie for?,0
20년이 지난 영화지만 지금봐도 영화화한 아이디어가 대단함,1
지금은 상상할 수도 없는 여성에 대한 억압을 현대적인 패미니스트 전사들을 등장시켜 이야기를 풀어간다. 남자가 보기엔 재미가 없거나 지루한 부분들이 많다.,0
시간을 죽이는 용도로도 아까울 정도의 영화,0
비긴어게인 보구 24시간내에 이거 봣음.. 비교대서 정말 개짜증나눈거엿음 위안이라도 대지.. 비긴 안보구봣어듀 연기 노래 음악 배우 다 겟더훡! 가족보여쥬고 나만 끝나기 십분전 못참거 기어나옴 . 객관적 평!!,0
기독교를 떠나서 정말 재미없었음..,0
빨리빨리해야합니다.에코 에코! 에코코,0
"서론->결론 의 영화. 중간과정이 모두 생략된것같다. 한국인들이 어떻게 흑인의 고통과 아픔, 그리고 구원을 갈망하는 그 기쁨을 어느 새에 이해하고 노래로 표현했는지에 대한 것이 안나온다. 그저 프리허그 한번으로 그들을 이해한것일까?",0
이 영화 다시 보고 싶따 어렸을때 보고 한번도 다시 보지 못했는데,1
평점9이상준놈들다알바임 쓰레기영화,0
강아지 어쩔꺼...개대박...이걸이제야보다니,1
아주 가치 있는 경험이었습니다,1
모든면에서 수준이하......-ㅅ-,0
오늘의 난 내일의 너를 원한다.. 오늘 보고있어도 내일 당장 보고싶다.. 항상 그립다.,1
재밌어요 추천합니다. 스티브 카렐은 배우였군요.,1
와 이연서님 신인답지 않은 연기력 잘 봤습니다 다음 작품에서 또 뵙길 바랍니다,1
"한국인들은 너무 평점을 감정적으로 준단말야 ㅡㅡ 아름답고 슬픈 실화인건 맞지만, 영화가 일단 너무 지루하고 연결의 개연성 없이 그냥 찍어서 나열해논 가편집본 수준이었다;;실제 남매의 이야기는 너무 아름답지만 이영화는 꽝이다ㅡㅡ",0
ㅋㅋㅋ 리얼스틸 아빠와 아들이 성우함? ㅋㅋㅋ,1
"전쟁이란 누굴위한거고,그러한 전쟁으로인한 피해와 상처를 다시한번 되새기게 되는 남북전쟁시대를 배경으로한 수작.니콜키드먼과 나탈리포트먼 그리고 주드로르 젊었을때 모습을 보게되어 즐거웠다. 키드먼의 사랑과 강해지는 생활력. 가족의 의미또한되집어 보게됨",1
영화가 뭐 이렇게 급작스럽게 끝나냐 결말이 너무 허무하다,0
REC는 초반부터 흐름을 잘못 잡았다. 차라리 바이러스로 가지 이게 뭔지.. 갈수록 개망이네,0
이번 극장판은 너무 판타지스럽지 않아서 좋았네요~,1
행여나 여름방학 특선으로 티비에 하더라도 보지마라,0
계절은 변한다. 인생의 겨울에 와서야 삶을 알게 되었구나. 네가 없었다면 영영 몰랐을 거다. - William Forrester 오랜만에 감성이 통하는 영화를 만났다. 너무 훌륭한 작품이다.내 인생의 가을이 찾아 왔는데 이 영화처럼 감성이 통하는 친구,1
김민종 팬인데... 김민종 영화는 좀... 드라마는 좋은데... ㅠㅜ,0
볼만한 영화 ㅎㅎ 먼가 프랑스영화는 그나름대로의 재미가 ㅎㅎ,1
어릴 때 봤던 최고의 영화.. !! 박남정 최고 !!!!!!!!!!,1
호쾌하다못해 무지막지한 액션! 정신없게 재밌다,1
최고의 의학드라마... 다음편 언제 나오나 목 빠짐....,1
한효주 남동생이 권력을 이용해서 약한 병사를 살해했다는데 사실인가요? 한효주는 대답해라!,0
개노잼.... 진짜 재밌다고 유명해서 뭐라도 교훈하나 얻으려고 끝까지 봤는데 이런 낭패가있나,0
지루했습니다ㅠㅠ교훈을 주긴 하지만 제가 늙어서 그런가 지루했어요ㅜㅜ하지만 애기들은 재밌어 할꺼 같네요^^,0
명품드라마라는 말이 아깝지 않습니다. 김지수씨의연기는 정말.... 대박입니다,1
신하균이 아니였다면 그만 볼뻔했다.,0
엉망진창 장난질로 도배한 영화,0
멜라니 로랑이라면 일단 보는거다!!,1
여주입장 이해한다는분 남자라면 함 스스로당해보시길 바라고여자라면 OOO 이기적인 인생관 가급적 빨리바꾸시길 ?그런이유때문에 살인이 나기도합니다,0
아 지루하고 톰크루즈 역시 매력없다...아진짜 답답하네 영화가,0
8점.... 이재용 감독을 주목하게 된 영화....,1
돈은 무쟈게 들여서 어설픈 연출로 망친영화 시나리오는 괞찬았으나 연줄이 어설퍼서 영화가 산으로 간작품,0
엔딩에 강아지때문에 1점 더 준다.빡,0
"지금 이 시간을 무의미 하지않게 지금의 상황에 능동적이게!! 요즘 사는게 너무 재미 없었는데, 정말 잘 본거 같다!",1
다시보니 얼마나 주옥같은 대사들이 많은지 깨닫게 해준 시트콤,1
나라지키는게 장난이냐ㅡㅡ그리고 군대안간애들은 이거보고 군대가 잼잇는줄 알고 착거허겟다?OO 솔직히 진짜 폐지해라군대가 장난도아니고 이게 진짜면 군대보내는 아들보고 왜우는데,0
오랜만에 쓰레기같은 영화하나 봄 쓰레기보단 낫긴함,0
잭은 사랑입니다ㅠㅠㅠ이거 한마디만 믿고 보세요,1
알바의 인내력과 투철한 직업정신에 10점드림,1
어떻게 원작의 장점만 쏙 빼놓고 리메이크했지?,0
평점도 얼마 없는 이런 영화...! ㅋㅋㅋ개연성은 어디로...,0
상대방모르게 결혼+이혼소송중 남자만난거 정말충격적이였다,0
꿀잼 예스젬 진짜 수작....이런영화 더 많이 나오길,1
굿.중학교 때 봤는데도 잊혀지지 않은 영화.,1
백투더 퓨처 시리즈와 함께 내 유년시절의 최고의 영화...영원한 피터팬...안녕히 가세요...,1
이번엔 총대신 카드 날리시는 군요.... 액션두 스타일리쉬하고.. 역시 잘 어울리는 스타뎀~,1
감동적인 여느 결혼식을 보여준다.,1
나름대로의 분위기에 4점 준다.,0
슈스케도 이제 끝났네 ㅋㅋ 다른 프로그램 찾아보라 이제 빠질 단물 다빠짐 ㅋㅋ,0
호들갑스러운것 없이 사람을 서서히 깊게 빨아들이는 명품스릴러.,1
왜 봤을까 싶은.. 취향 차이겠지만 정말 별로네요.바닥 끝까지 우울하고 이해도 잘 안되고마지막까지 기분만 나빠지는...보지 말걸 후회되는 영화는 처음이네요.,0
기대했엇는데...진짜 지루하다 핵노잼,0
세월이 지나도 영원히 남을 영화.,0
릴리 콜린스의 미모만 빛이 난다. // 모 좌좀 평론가 수준 보소. 이런 영화에서도 대놓고 당시의 대선 후보 디스하며 정치 선동질이네. 캬악~ 퉷!! 역시 한겨례 계열사 씨네21 ㅋ 대기업 욕하며 정작 지들은 거대자본을 등에업고 유일하게 살아남네,0
파리여행이 하고싶다면 강추합니다. 파리지엔이 된 느낌입니다.,1
리암니슨 여친 여주가 cctv 경비요원보다 못생겼고 아무런 스토리도 없음.,0
자연 속에서 폭력을 배운 타잔 현실에서는 폭력에 경악하다 즐,0
요섭이가 자주 안나와서 별 하나 깍음ㅠㅠ요섭이 자주 나왔으면 좋겠어요!! 요섭이가 보구 싶어요ㅠㅠ♥,1
전편보다 모험중심이지만 전편의 모험이 더좋았다,0
역시 역사적 대서사시가 나는 좋다.,1
A급 배우들 B급 연기하느라 고생한 흔적이 보임,0
쓰잘데 없이 달콤한(?)멜로를 뿌려대..,0
"만 10세 이상~만 14세 미만의 촉법(觸法)소년은 형사미성년자라 범죄를 저질러도 형사처벌을 받지 않는다. 형사미성년자 연령은일본·독일·오스트리아는 만 14세 미만, 이탈리아·스웨덴은 만 15세 미만이다.",0
최악의 영화. 앞뒤도..아무것도 아님...,0
저항 속에 길을 찾는다. 최고의!!,1
유해진 진구 연기 좋아요..,1
--천재보단 혐동과 호흡이 중요한거 같은데.. 주인공쪽은 너무못한다,0
사랑을 위해 OO까지 되어야했나? 이게 여성성확인인가?,0
"혁명, 전화 속 남녀간 얽힌 사랑의 미묘한 감정에 묘하게 빨려드는 영화였네요.",1
큰 기대에 충분히 만족시켜준 영화,1
그저그런감동영화라 생각하지마라! 많은걸 느끼게 해주는 정말 최고의 영화다.,1
그냥 별로인 영화...마지막은 뭐지...;;;,0
적어도 일본에서 만들었어야지....,0
감히 말한다. 조 프레이져가 더 위대하다,1
젊음..청춘...지금 이 순간의 소중함을 일깨워줬네요.,1
오늘보면서 나오지못하는 골든타임 시즌2가 너무나도 아쉬웠네요,0
아재미없어요 크리스마스영화라고찾아봤는데 여주안예쁘고줄거리도별로,0
진짜짜증이다~어느정도OO같이당해야하는데복수를얼마나대단히하려고...보는사람들이스트레스받아서...진짜시청률떨어지겠네~~~가끔이라도속도좀풀리게쓰시지~,0
"오리지널 &lt택시&gt 재미의 반도 안되는 재미, 재미없다",0
박신양이란 배우는 백년에 한번 나올까 말까하는 배우이다.약속에서의 전도연은 대단히 아름답다.,1
왜 지루하지 않은지가 신기한 영화. 반전도 있고 ㅋ,1
할인카드 내밀때...분위기 깨더라구요...ㅋㅋㅋ,0
정말 최고! 봐도봐도 재밌는 영화가있는데 이 영화가 바로 그런 영화입니다 :D,1
"역사좀 왜곡하지마요, 이건 정말 너무심하네",0
원작소설은 상당히 놀랍고 흥미진진한 반면에...,0
험버트의 인생이 너무 애처롭다 ㅠㅠ 예상과는 너무나 반전이었던 결말. my sin . lolita,1
ebs 일요시네마로 봤는데 너무나 감동스뤄웟던 감동실화!!!!잊혀지지 않는 것 같다.언제나 또 봐도 감동을 받을 것 같은 영화~~,1
와 높은 평점을 보고 봐서 그런지 기대를 많이 했는데 너무 재미없었네요...소재만 신선하고 나머지는 너무 뻔한 전개들... 영화가 아닌 일본애니만화를 본 느낌이었어요 이 소재를 다른 감독이 다르게 풀어나갔다면 훨씬 잘 풀어나갔을 것이라고 생각합니다.,0
"캐리는 재수없지만, 재미있는건 어쩔수없지. 사만다짱",1
지금에 와서 보니 상당히 지루함. 기억에 남는 건 엄진동과 황비홍의 사다리 액션신 정도. 그리고 아름다운 관지림 정도. 후에 나온 철마류나 의천도룡기가 훨씬 더 스토리도 재미있고 액션도 화려함,0
슬램덩크의 아류작일뿐...따라하려면 재대로 하든가,0
누가 재밌다구 그랬어~~!!!! ㅁㅊ~!!! 재미없다... 진짜다...,0
아니 OO 동승아 쳐맞는다 진짜 4점은 무간도라는 제목 땜에 준거다 다신 낚시하지 마라 캬악퉷,0
드래곤볼은 10점도 과분하지만 더빙은 좀 아니라서 1점깎음ㅋ,1
학교가서 봤는데 구라 안까고 40명중 나포함 3명 빼고 다 잤음..--;,0
불륜과 난잡한 관계를 정당하고 아름답다고 미화시키는 영화,0
베스트평을 찬찬히 읽어보니 눈물이나네요,1
1편 기대하고 봤다가는 실망만~~~~,0
현실적인 군대사회를 보여주지 못하고 미화시킨다는 의견으로 시청 안하다가 여군특집을 한다기에 기대감에 봤는데 짐싸는시간에 꿀호떡먹었다고 얼차려라니... 위생때문에 실내에서 취식금지? 인권이 무시되는 군대를 적나라하게 보여주긴하는데 보기 힘들어서 채널돌림,0
정말 좋네요 이 영화 강추!!!!,1
도대체 스릴러의 긴장감을 1시간57분이나 유지할 수 있다는 근거없는 자신감은 어디서 나오는 걸까? 편집 좀 해서 1시간30분으로 줄였어야 하지 않냐 감독아?,0
리뷰 몇개만 읽어볼껄.. 아 내 시간.. 레이첼 니콜스땜에 봤는데 얼마 나오지도 않고 -_-;; 캐릭터 완성도 때문인지 살 엄청 뺀거 같던데 매튜폭스의 노력이 아깝네,0
쓰레기영화 지네본토에서만 먹힐영화 배우 발연기력 티나는 주변의소품셋트 꼴보기싫은영화,0
